report_num,significant,lat,long
20100001,0,41.94352,-88.23353
20100002,0,37.10847,-100.80037
20100003,1,32.22471,-101.4044
20100004,0,40.6086,-74.2399
20100005,0,31.13284,-101.18974
20100006,0,47.71696,-117.35583
20100007,1,41.21235,-95.8301
20100008,1,36.6659,-97.8846
20100009,1,32.4785,-94.8679
20100010,0,35.48354,-80.7357
20100011,0,47.68857,-95.41732
20100012,0,30.16801,-93.34001
20100013,1,39.36359,-93.45965
20100014,1,32.48325,-94.83034
20100015,0,30.17319,-90.78774
20100016,1,38.6707,-97.78123
20100017,1,29.47,-90.25444
20100018,0,29.8916,-93.9897
20100019,0,32.652,-103.1393
20100020,0,28.10406,-90.79238
20100021,1,48.99555,-97.52554
20100022,0,32.48248,-94.8391
20100023,0,32.06839,-96.47081
20100024,0,29.71478,-95.17611
20100025,0,30.1724,-90.782
20100026,1,35.94466,-96.75427
20100027,0,35.68463,-101.35898
20100028,1,38.1337,-85.5012
20100030,1,33.58266,-96.64881
20100031,0,39.0081,-104.01317
20100032,0,37.80218,-96.90935
20100034,0,46.68889,-92.05972
20100035,1,43.29183,-95.15157
20100036,0,39.13776,-94.5968
20100037,1,36.39836,-96.74622
20100038,0,30.1824,-93.3524
20100039,0,32.52582,-94.86381
20100040,0,30.54741,-90.16677
20100041,0,35.95885,-96.75655
20100042,1,38.5997,-121.4483
20100043,0,32.07267,-98.46948
20100044,1,41.5569,-87.8861
20100045,1,28.68555,-91.04555
20100046,0,30.71121,-91.28349
20100048,1,35.01937,-119.06305
20100049,0,35.93985,-96.75629
20100050,0,30.241,-93.27546
20100051,1,29.39972,-94.96417
20100052,1,37.15778,-78.835
20100054,1,39.91934,-75.20447
20100055,0,30.15957,-93.33989
20100056,0,36.13252,-96.02906
20100057,0,42.38229,-78.91763
20100058,1,39.46308,-92.87136
20100059,1,41.1784,-87.8504
20100060,0,32.06374,-97.81895
20100061,1,39.13844,-94.60013
20100062,0,32.5375,-100.8377
20100063,1,39.64343,-94.61827
20100064,0,38.63064,-93.39656
20100065,0,35.42148,-96.14583
20100066,1,29.2564,-89.1883
20100067,0,29.7169,-95.2364
20100068,0,36.5746,-90.1886
20100069,0,35.76698,-84.36458
20100070,1,39.02601,-85.85146
20100071,0,38.32113,-87.34782
20100072,0,38.32113,-87.34782
20100073,0,29.91232,-94.01006
20100074,0,38.88188,-94.74432
20100075,1,35.86572,-97.62111
20100076,0,32.47413,-94.7185
20100077,1,29.90083,-94.00556
20100078,1,41.80708,-83.60071
20100079,0,30.70863,-91.27566
20100080,0,29.99763,-94.07668
20100081,1,47.31006,-93.73207
20100082,0,40.16833,-90.56593
20100083,1,38.98742,-97.4042
20100084,0,46.851256,-102.770368
20100085,1,44.000221,-93.782668
20100086,0,48.39475,-102.9138
20100087,0,38.82204,-90.07892
20100088,0,33.85651,-84.62941
20100089,0,29.7268,-95.141
20100090,1,29.3475,-94.94167
20100091,0,35.27901,-119.31192
20100092,0,32.611,-103.0763
20100093,1,40.70942,-81.36428
20100094,1,38.47623,-97.72254
20100095,1,37.81654,-97.02048
20100096,0,42.51862,-114.27034
20100097,1,27.86028,-82.59958
20100098,0,42.45589,-95.32798
20100099,0,40.6054,-74.2383
20100100,0,46.8197,-95.1489
20100101,0,30.19071,-91.18293
20100102,0,29.706473,-95.2338293
20100103,1,29.34921,-94.93901
20100104,0,33.735001,-118.27167
20100105,0,36.253344,-115.045311
20100106,0,35.93749,-96.74417
20100107,0,38.72582,-99.73018
20100108,0,32.47042,-102.46394
20100109,1,30.0119001,-90.8508001
20100110,0,29.718767,-95.179554
20100111,0,33.07358,-98.58654
20100112,0,31.42962,-102.380665
20100113,0,42.20753,-104.51014
20100114,1,40.61428,-74.21755
20100115,0,48.720364,-101.20851
20100116,0,39.12851,-94.60705
20100117,0,34.91801,-81.87401
20100118,1,32.56184,-98.350678
20100119,1,44.62351,-97.92161
20100120,0,32.53091,-100.83715
20100121,0,29.71831,-95.18038
20100122,0,29.88878,-94.84975
20100123,0,30.239547,-93.277717
20100124,1,63.93074,-145.76661
20100125,0,39.800348,-104.949162
20100126,0,29.95687,-90.71667
20100127,0,32.06839,-96.4708
20100128,1,28.85030001,-97.00220001
20100129,0,29.74697,-95.12399
20100130,1,41.844019,-85.741131
20100131,1,35.93019,-96.74132
20100132,1,35.55441,-97.10413
20100133,1,31.98743,-102.63968
20100134,0,32.48191,-94.83511
20100135,1,30.0124001,-90.4019001
20100136,0,30.124278,-90.768367
20100137,0,33.59667,-81.95333
20100138,0,45.672992,-94.593917
20100139,1,35.467203,-119.703991
20100140,1,44.67167,-90.24833
20100142,1,39.506925,-88.065491
20100143,0,40.706418,-84.113285
20100144,0,31.65608,-94.84362
20100145,0,35.94595,-96.75007
20100146,1,40.76505,-111.82493
20100147,0,41.123379,-104.783855
20100148,0,30.94037,-94.40322
20100149,0,28.279502,-97.29544
20100150,1,30.25989,-93.20991
20100151,1,28.711239,-89.437681
20100152,0,38.828047,-90.085713
20100153,0,39.68524,-87.236533
20100154,0,40.591463,-74.219176
20100155,0,32.53275,-100.82947
20100156,1,47.32444,-93.76306
20100157,1,40.647936,-88.340732
20100158,1,41.31827,-95.93719
20100159,0,37.84074,-98.41963
20100160,0,36.00943,-96.55946
20100161,0,32.47831,-94.86801
20100162,0,36.01526,-96.75729
20100163,1,33.53866,-82.53516
20100165,1,29.62478,-95.09823
20100166,0,43.965346,-97.694305
20100167,0,29.630833,-95.119722
20100168,0,38.09072,-77.44581
20100169,0,35.23317,-97.60874
20100170,1,36.77451,-97.75519
20100171,0,30.145766,-94.404044
20100172,0,30.45372,-94.97393
20100173,0,35.55435,-97.10423
20100174,0,32.28594,-94.500617
20100175,0,32.06839,-96.47081
20100176,0,29.630232,-95.058734
20100177,1,30.78251,-90.75851
20100178,0,38.780525,-121.246797
20100179,1,40.36468,-96.65431
20100180,1,38.82204,-90.07892
20100181,1,42.24329,-84.97251
20100182,0,45.792899,-108.474178
20100183,1,34.82512,-97.18992
20100184,0,47.372103,-94.57539
20100185,1,47.38361,-94.63389
20100186,0,37.8875,-97.90877
20100187,0,41.6234,-83.4878
20100188,1,32.06839,-96.47081
20100189,0,38.66916,-104.70138
20100190,0,48.96572,-101.65116
20100191,0,32.11581,-102.29321
20100192,0,32.49783,-98.63633
20100193,0,39.8188,-75.42217
20100194,0,29.726944,-95.203333
20100195,1,29.66904,-95.05733
20100196,0,32.00836,-102.0054
20100197,0,34.43528,-97.98185
20100198,0,31.58929,-95.47697
20100199,1,40.73625,-73.94435
20100200,0,42.63521,-97.3371
20100201,1,41.577697,-87.49049
20100202,0,29.718312,-95.180385
20100203,1,32.46539,-103.57639
20100204,0,35.97916323,-96.00824525
20100205,0,37.08414,-101.32146
20100206,0,37.91083,-92.37944
20100207,1,29.847028,-94.897099
20100208,0,29.84671,-94.9057
20100209,0,42.855444,-106.246861
20100210,1,29.825329,-94.922859
20100211,1,29.73525,-95.02365
20100212,0,36.810495,-97.831946
20100213,1,30.496161,-91.560667
20100214,0,29.54619,-95.213783
20100215,1,28.617778,-92.068889
20100216,0,29.97496932,-94.0572917
20100217,0,38.37239,-97.80143
20100218,0,38.3693,-97.83197
20100219,0,46.71782754,-105.44129948
20100220,1,42.46833,-74.3515
20100221,1,41.655265,-88.076523
20100222,1,42.02244,-91.00488
20100223,0,42.56794,-84.10547
20100224,1,29.816369,-95.18092
20100225,0,32.71141,-99.81866
20100226,0,37.80556,-96.915
20100227,0,39.38235,-87.86195
20100228,1,29.920836,-94.020288
20100229,0,32.7478,-98.9129
20100230,0,47.32444,-93.76306
20100231,0,38.81386,-99.42139
20100232,0,30.1479,-94.4001
20100233,1,30.0795,-92.7465
20100234,0,38.34519,-98.31356
20100235,0,29.98219,-94.06028
20100236,0,29.98219,-94.06028
20100237,0,32.47831,-94.868
20100238,0,30.11356,-92.254
20100239,0,42.9015,-82.5101
20100240,1,33.41305,-102.44337
20100241,1,40.091758,-74.738542
20100242,0,31.434268,-102.440189
20100243,0,35.946697,-96.748707
20100244,0,42.9289,-87.8884
20100245,0,34.94418,-97.47736
20100246,1,33.54657,-96.36906
20100247,1,31.06576,-103.17361
20100248,0,28.9351,-95.3198
20100249,0,29.975,-94.056
20100250,0,37.644112,-88.877277
20100251,0,29.90801,-94.01201
20100252,1,32.6075,-98.1
20100253,0,39.8106,-86.3342
20100254,0,43.94028,-70.49336
20100255,0,30.08533,-94.3805
20100256,0,30.54741,-90.16677
20100257,0,31.63251,-89.52266
20100258,1,33.811699,-118.180656
20100259,0,67.7987,-149.8164
20100260,0,46.6893,-92.0612
20100261,0,29.4305,-95.1201
20100262,1,28.05529,-97.32797
20100263,0,30.02609,-90.85108
20100264,0,33.91269,-98.43935
20100265,0,37.04441,-97.01768
20100266,0,30.43779,-95.62383
20100267,0,37.4175,-100.7953
20100268,0,34.058206,-117.763553
20100269,0,33.863186,-118.163396
20100270,0,29.4745,-95.1642
20100271,1,29.85635,-94.90781
20100272,0,29.1452,-95.68005
20100273,0,34.37306,-97.51083
20100274,0,33.7963,-118.2347
20100275,0,33.25417,-92.61944
20100276,0,29.85836,-94.97929
20100277,1,30.0113,-94.057133
20100278,0,33.31354,-97.86774
20100279,0,34.24278,-97.49972
20100280,0,34.24278,-97.49972
20100281,0,41.7678,-87.82972
20100282,0,31.1591,-94.6759
20100283,0,33.936233,-98.496906
20100284,0,29.19462,-96.98528
20100285,0,36.41936,-97.84852
20100287,1,30.06066,-93.55077
20100288,1,37.89533,-97.88435
20100289,0,32.97722,-87.65444
20100290,1,44.77328,-93.35844
20100291,1,37.742029,-99.217775
20100292,1,35.203837,-98.06593
20100293,0,46.93944,-92.93861
20100294,1,30.5572,-95.5842
20100295,0,31.427166,-102.37033
20100296,0,34.55261,-82.48781
20100297,0,40.57083,-74.25333
20100298,0,38.848525,-90.084617
20100299,1,42.5325,-95.1332
20100300,0,32.775943,-102.959437
20100301,0,40.58925,-74.21709
20100302,0,33.407,-102.448
20100303,0,36.1326083,-96.029061
20100304,0,37.414383,-99.320819
20100305,0,31.8768505,-102.4564661
20100306,0,29.84931,-94.89759
20100307,0,43.26707,-83.25139
20100308,1,46.2199,-109.437
20100309,0,35.119174,-119.378251
20100310,0,33.38649,-100.01332
20100311,1,33.45494,-96.35925
20100312,0,41.60865,-92.13573
20100313,0,41.51718,-92.00372
20100314,0,35.383359,-119.742552
20100315,1,38.94905,-89.75185
20100316,1,30.81167,-94.76787
20100317,1,40.766643,-111.827358
20110002,0,39.36139,-77.03778
20110003,0,39.13805,-94.6025
20110004,0,40.61145,-74.23725
20110005,0,38.34136,-97.66619
20110007,0,46.877218,-96.879506
20110008,1,43.72835,-94.73
20110009,1,29.90087416,-94.00565624
20110010,1,38.501817,-90.589072
20110011,0,42.1514,-83.163
20110012,1,36.93117,-95.90781
20110013,0,40.5566,-93.93892
20110014,1,41.63156,-88.04958
20110015,0,34.92544,-81.87765
20110016,0,40.55081,-97.59588
20110017,1,32.00836,-102.0054
20110018,0,40.606837,-74.219917
20110019,0,29.349,-94.939333
20110020,0,29.76713,-95.156254
20110021,1,30.4342,-92.9503
20110022,0,30.016667,-94.052778
20110023,0,33.573889,-97.873056
20110024,1,38.38166,-97.819444
20110025,1,33.863333,-118.163889
20110026,1,29.72034,-95.10635
20110027,1,43.05284,-93.6389
20110028,0,37.51111,-77.42333
20110029,0,29.717169,-95.179264
20110030,1,41.6136,-88.0536
20110031,1,41.410931,-88.345016
20110032,0,43.42656,-104.91426
20110033,0,35.4855,-100.9402
20110034,0,39.81694,-75.20028
20110035,0,27.5529182,-97.9228261
20110036,0,29.4305,-95.1201
20110037,0,40.57083,-74.25333
20110038,1,70.25666,-148.6203
20110039,0,40.60545,-74.25835
20110040,0,35.96788,-90.85025
20110041,0,39.36139,-77.03778
20110042,0,36.20138,-99.89379
20110043,0,30.16954,-93.33639
20110044,1,35.534236,-98.097395
20110045,1,34.76231,-97.44047
20110046,0,41.55455,-87.88425
20110047,1,35.85326,-103.30167
20110048,0,35.56572,-96.44923
20110049,0,32.4813,-102.8589
20110050,1,29.3753,-89.3561
20110051,1,27.68402,-97.83324
20110052,1,18.44801,-66.07476
20110053,0,40.59348,-74.210174
20110054,0,40.59441,-74.216209
20110055,0,31.55556,-90.3954
20110056,1,30.2298122,-100.646116
20110057,1,29.85325,-94.89837
20110058,1,41.6424,-87.4744
20110059,1,36.892543,-97.759315
20110060,0,41.7731,-110.3453
20110061,1,39.191028,-99.564306
20110062,0,39.60887,-94.3214
20110063,0,35.9375,-96.74833
20110064,1,37.64416,-88.87876
20110065,0,29.885833,-95.410833
20110066,0,44.26055,-93.30194
20110067,0,37.4175,-100.7953
20110068,0,32.532127,-100.842157
20110069,1,32.87476,-91.05339
20110070,1,30.0016,-90.8521
20110071,0,29.4305,-95.1201
20110072,0,29.43573,-95.121835
20110073,0,40.52243,-74.25384
20110074,1,39.896,-75.3586
20110075,0,41.6671,-86.0209
20110076,1,29.84904,-94.90535
20110077,0,34.36098,-97.55678
20110078,1,29.43573,-95.121835
20110079,0,31.1611,-94.6751
20110080,1,39.897834,-75.262507
20110081,1,35.9303,-96.7514
20110082,1,29.848528,-94.905557
20110083,1,33.80933,-118.25413
20110084,0,32.483,-94.8388
20110085,1,32.5409,-94.8693
20110086,1,34.37332,-97.10367
20110087,0,47.55403,-111.28258
20110088,0,43.29194,-95.15111
20110089,0,29.854148,-94.916009
20110090,0,35.56033,-96.44974
20110092,0,48.24063,-101.257672
20110093,0,32.53048,-100.83604
20110094,1,32.75732,-102.90678
20110095,0,47.92555,-104.13833
20110096,0,30.7932,-88.2085
20110097,0,39.75888,-104.81305
20110098,0,39.822925,-75.175452
20110099,1,40.606466,-74.209062
20110101,0,41.7643,-87.8361
20110102,0,30.54741,-90.16677
20110103,0,29.7675,-95.012183
20110104,0,38.36098,-96.27164
20110105,1,29.4009,-94.95689
20110106,1,29.98722,-94.07171
20110107,0,33.97,-98.2215
20110108,0,45.79417,-108.47889
20110109,0,29.9115,-94.093194
20110110,1,44.815639,-108.498916
20110111,0,37.66168,-78.23911
20110112,1,40.593267,-74.209978
20110113,1,35.94595,-96.74872
20110114,0,36.221931,-97.747128
20110115,0,42.278472,-83.123064
20110116,1,30.3892333,-93.985233
20110117,0,38.1337,-85.5012
20110118,1,41.307,-72.90925
20110119,0,35.2858,-80.93179
20110120,1,40.62252,-80.4181
20110121,1,30.354517,-92.709983
20110122,0,40.5161701,-88.3192648
20110123,0,38.792059,-89.079739
20110124,0,40.550972,-97.594715
20110125,0,35.95885,-96.75655
20110126,1,42.73839,-114.948008
20110127,0,28.00917,-97.572805
20110128,0,39.36101,-77.03759
20110129,1,39.86822,-96.0534
20110130,1,46.68889,-92.05972
20110131,0,31.13244,-102.19101
20110132,0,32.017047,-102.026175
20110133,0,31.7765,-96.3957
20110134,0,33.78114,-118.22177
20110135,0,31.49797,-104.14246
20110136,0,46.41379,-97.52251
20110137,0,40.78155,-85.50785
20110138,1,44.5311,-88.0121
20110139,0,36.38298,-97.49642
20110140,1,42.514136,-84.242059
20110141,1,41.639016,-88.124155
20110142,0,32.34464,-94.8804
20110143,0,28.560826,-95.191378
20110144,1,39.080486,-97.35301
20110145,0,38.939028,-97.428013
20110146,0,39.193056,-121.631436
20110147,0,28.480925,-96.37387
20110148,0,38.09973,-98.57896
20110149,0,30.32637,-93.35268
20110150,0,28.3445,-97.1422
20110153,1,38.04121,-97.40789
20110154,0,42.5783333,-107.14709
20110155,1,41.184974,-110.410612
20110156,0,33.86329,-97.95336
20110157,0,31.50653,-95.44006
20110159,0,41.68148,-91.57018
20110160,0,33.5124,-118.2036
20110163,0,33.5352,-118.0842
20110165,1,37.027049,-95.89245
20110171,1,45.95307,-97.9057
20110172,1,40.706216,-84.1146149
20110176,1,39.482631,-84.223042
20110178,1,42.88895,-82.49131
20110180,1,41.04755,-83.73375
20110181,0,37.3612,-97.0539
20110182,0,32.77698,-102.95071
20110183,0,42.26259,-89.17831
20110185,0,32.06456,-96.86533
20110187,1,32.77597,-102.95923
20110188,0,33.4614,-118.12135
20110189,1,27.959521,-97.360576
20110191,1,35.22377,-96.44739
20110192,0,40.52243,-74.25384
20110196,0,41.684292,-90.4901
20110197,0,42.07471,-96.17223
20110201,0,42.272024,-83.164865
20110206,1,35.93964,-96.748064
20110208,1,39.71864,-95.135
20110209,0,38.08131,-97.85245
20110210,1,33.307077,-97.847271
20110212,0,34.751139,-84.780139
20110216,0,32.02879,-89.10231
20110217,1,30.77929,-96.06167
20110218,0,29.4388,-96.804483
20110219,1,41.4145,-87.7665
20110220,1,27.943,-90.998
20110223,0,33.7966,-118.2347
20110225,0,34.16078,-97.53915
20110230,0,29.726944,-95.203333
20110234,1,33.6938,-118.0064056
20110236,1,43.286542,-95.260549
20110237,0,29.781516,-90.523835
20110238,0,40.4101,-78.4385
20110241,0,32.004805,-102.005505
20110242,1,40.70825,-84.12206
20110243,1,32.777568,-102.950783
20110244,0,30.452391,-93.464003
20110245,0,32.5327,-100.8309
20110246,1,34.27734,-96.52176
20110247,0,35.953482,-96.759374
20110248,0,33.4604,-118.12035
20110249,0,40.59213,-74.21207
20110250,1,31.79133,-103.1334
20110251,1,40.74573,-95.91459
20110253,1,30.042343,-96.914558
20110255,0,33.936514,-98.496967
20110257,0,44.37956,-98.462467
20110258,0,32.9491,-93.1679
20110259,1,30.87167,-94.02683
20110262,1,45.655486,-108.75724
20110266,1,32.540604,-95.701173
20110268,0,29.238862,-89.384553
20110270,0,29.7182,-95.1278
20110272,1,38.28588,-95.00712
20110274,0,35.95885,-96.75655
20110275,0,35.87218,-98.38255
20110276,0,35.6376,-97.70893
20110279,0,29.878953,-94.271735
20110283,0,29.43573,-95.121835
20110286,0,30.11472,-94.64583
20110289,1,31.7767,-98.39635
20110292,0,42.053138,-96.043891
20110293,1,33.179721,-96.302081
20110295,1,27.72222,-97.76397
20110296,0,35.94607,-96.74874
20110298,0,31.1611,-94.6751
20110299,0,36.029589,-97.747511
20110300,1,37.78947,-96.90093
20110302,0,39.03543,-84.69089
20110303,1,27.97348,-82.32001
20110304,1,31.13193,-102.1906
20110305,0,34.83433167,-120.45062247
20110309,0,27.91036,-97.40839
20110310,0,33.91765556,-117.9154528
20110312,0,33.86357,-97.95564
20110314,0,30.5471,-91.1703
20110315,1,37.05253,-95.61166
20110317,1,32.02821,-89.10162
20110319,1,33.846624,-118.252704
20110321,0,35.296047,-119.160719
20110322,0,40.550801,-97.595518
20110323,1,33.83799,-98.27639
20110324,1,33.81583,-118.29701
20110325,0,39.120239,-120.943522
20110328,0,41.27461,-88.12713
20110329,1,41.645101,-88.027889
20110330,0,36.33746,-97.51306
20110331,1,33.83299,-98.27806
20110332,0,38.0934,-98.58173
20110333,0,28.804167,-96.793611
20110334,0,28.804167,-96.793611
20110335,1,42.00461,-96.23684
20110337,0,29.206868,-94.561023
20110339,0,46.68889,-92.05972
20110341,1,39.61412,-89.34578
20110344,0,40.6945,-84.1265
20110347,0,40.596305,-91.411283
20110349,0,29.887222,-95.374444
20110351,0,40.111093,-88.319562
20110352,0,35.684911,-101.359211
20110353,1,37.944408,-121.558461
20110355,1,36.9006,-100.39243
20110356,0,41.55804,-93.52571
20110358,1,29.084431,-95.403144
20110359,0,35.43959,-118.99174
20110361,0,32.06704,-96.4719
20110362,0,32.1147,-94.9633
20110363,1,37.795178,-121.672381
20110365,0,37.0525,-95.61183
20110366,0,43.54571,-96.79188
20110368,0,40.590422,-74.219078
20110369,0,32.01798,-102.026495
20110370,1,29.26536,-88.77223
20110371,1,32.303575,-102.548583
20110372,1,29.72703,-95.1737
20110374,1,30.034033,-96.435533
20110375,0,38.1019,-98.856419
20110376,0,37.355914,-98.206945
20110377,0,40.590142,-74.215472
20110378,0,29.70989,-90.25945
20110379,0,33.4166975,-98.74844135
20110380,1,32.251168,-101.305851
20110381,1,29.878864,-93.986341
20110382,0,38.38052,-97.83095
20110383,1,29.43573,-95.121835
20110384,1,34.133131,-98.262922
20110385,0,39.363277,-97.479365
20110386,1,31.362222,-101.7825
20110387,0,48.81835,-122.55443
20110388,1,43.860695,-108.163483
20110389,0,35.93198,-96.75406
20110390,1,42.957763,-76.527127
20110391,1,42.959503,-76.665351
20110392,0,33.756403,-118.205749
20110393,1,48.325724,-101.752889
20110394,1,32.55991,-94.08086
20110395,0,31.820486,-106.210326
20110396,0,36.8053,-101.2876
20110397,1,46.68889,-92.05972
20110398,0,44.665449,-106.902904
20110399,0,43.475465,-96.726088
20110401,1,39.862222,-75.419055
20110403,0,41.5569,-87.8886
20110404,1,29.193445,-96.984823
20110405,0,36.13715,-96.02014
20110406,0,30.14105,-94.39892
20110407,0,29.86809,-93.95744
20110408,1,38.78564,-89.08396
20110409,0,33.84735,-118.31848
20110410,1,35.7042,-97.4636
20110411,0,34.55261,-82.48781
20110412,1,38.98759,-95.32997
20110413,0,35.952194,-96.759486
20110414,0,36.13158,-96.0317
20110415,0,34.63366,-97.1581
20110416,0,41.93805,-87.89138
20110417,0,32.4819,-94.8351
20110418,0,31.12252,-97.19946
20110419,1,41.5078,-87.45333
20110420,0,41.93805,-87.89138
20110421,1,31.960602,-102.617793
20110422,0,33.970039,-97.334269
20110423,0,33.45542,-84.40389
20110424,0,29.970953,-93.938061
20110425,0,29.345464,-94.935654
20110426,0,35.3275,-119.6575
20110427,0,33.86345,-97.953363
20110428,0,35.02529,-101.51128
20110429,0,32.26812,-101.40486
20110431,0,39.9923,-86.1359
20110432,0,35.96143,-96.71889
20110433,1,31.89631,-102.56548
20110434,0,40.591656,-74.22071
20110435,1,29.34578,-94.936904
20110436,1,37.963297,-121.948261
20110437,0,30.239269,-93.290375
20110438,1,41.60720541,-89.7349367
20110439,1,32.599125,-100.76886
20110440,0,47.68889,-95.41222
20110441,1,30.355333,-92.708299
20110442,1,36.413056,-99.193611
20110443,1,35.94085,-96.7502
20110444,0,40.588225,-74.222514
20110445,1,25.964238,-97.381096
20110446,0,33.68092,-97.075241
20110447,1,39.711344,-88.85166
20110448,1,46.861678,-102.777616
20110449,1,44.021949,-105.538019
20110450,0,33.22053,-99.87124
20110451,1,29.724843,-95.884289
20110452,1,41.659288,-87.569198
20110453,0,47.68889,-95.41222
20110454,1,30.16485,-93.35127
20110455,0,31.85557,-102.67191
20110456,0,41.565497,-93.526862
20110457,1,36.18992091,-120.35680577
20110458,0,29.43573,-95.121835
20110459,0,29.43573,-95.121835
20110460,1,29.79428,-95.28162
20110461,1,30.055571,-91.062652
20120001,1,33.59872,-85.82542
20120002,0,36.06889,-78.06611
20120004,1,30.796962,-91.919893
20120005,0,29.9948,-93.9853
20120006,1,47.907607,-103.650532
20120007,1,47.673856,-103.65985
20120008,1,40.31277,-95.72125
20120009,1,40.31277,-95.72125
20120010,1,41.86305,-96.137915
20120011,1,32.080874,-103.176847
20120012,0,32.06704,-96.4719
20120013,0,32.29488,-97.13418
20120014,1,36.773902,-97.757636
20120015,0,28.93564,-95.320507
20120016,1,33.6809,-81.8849
20120018,1,36.632156,-97.125787
20120019,0,39.45627,-92.08238
20120020,0,30.2867,-94.5058
20120021,0,37.803255,-96.873398
20120022,0,29.750786,-95.209372
20120023,1,31.78341,-103.46442
20120024,1,39.10878,-99.17953
20120025,0,32.63239,-99.80477
20120026,0,29.893363,-93.9928
20120027,0,38.866606,-98.837622
20120028,0,44.817233,-108.501412
20120029,0,30.011111,-90.838889
20120030,0,39.12851,-94.60418
20120031,0,32.84745,-104.38975
20120032,0,30.158686,-93.339919
20120033,1,31.9587,-100.54374
20120034,1,41.56563,-93.526816
20120035,0,34.521102,-96.623514
20120036,0,35.2256,-119.562467
20120037,0,30.0889,-94.6507
20120038,0,65.31111,-148.279
20120039,0,33.857292,-84.629335
20120040,1,34.553462,-82.48791
20120041,1,41.17974,-82.21559
20120042,1,40.58888,-74.22233
20120043,1,33.802717,-118.249779
20120044,0,38.78778,-89.08389
20120045,0,40.52243,-74.25384
20120046,0,34.0522342,-118.2436849
20120047,0,32.02879,-89.10231
20120048,0,45.65804642,-108.75964879
20120049,1,33.20242,-92.65195
20120050,0,40.29213,-79.5866
20120051,1,44.642128,-90.957761
20120052,1,39.136219,-94.601051
20120053,1,42.854803,-106.41171
20120054,1,42.9517,-87.8962
20120055,1,31.15279,-97.37467
20120056,0,29.84722,-94.90222
20120057,0,29.847222,-94.902222
20120058,0,31.47285,-102.89311
20120060,0,40.57729,-74.25051
20120061,0,35.951559,-96.75914
20120062,0,41.6076,-87.4667
20120063,1,40.696043,-84.126666
20120064,0,33.764,-118.228
20120065,0,32.51846,-94.84417
20120066,1,34.94212,-98.16142
20120067,0,29.97501,-94.05586
20120068,0,37.761233,-97.307172
20120069,0,30.01612,-90.865628
20120070,1,31.78341,-103.46442
20120071,1,44.73486,-93.19663
20120072,1,32.3288,-102.8112
20120073,0,42.53889,-88.63417
20120074,0,32.1532,-97.3751
20120075,0,36.12128,-95.99397
20120076,0,44.759651,-93.035311
20120077,0,44.87601,-92.99642
20120078,0,27.83146,-97.51851
20120079,1,44.05727,-84.108636
20120080,1,41.50667,-87.45333
20120081,0,41.49806,-87.51722
20120082,1,30.26630836,-95.35229159
20120083,1,30.239319,-93.268658
20120084,0,39.27126,-76.56328
20120085,1,45.526048,-98.515008
20120086,0,40.52243,-74.25384
20120087,1,46.24913,-106.81986
20120088,1,40.523327,-74.256013
20120089,0,40.590763,-74.219353
20120090,0,41.36417,-96.05833
20120091,0,29.911676,-94.007095
20120092,0,33.864289,-97.954067
20120093,0,34.89185,-97.4453
20120094,0,29.95115,-93.5722
20120095,0,32.53242,-100.82925
20120096,0,30.0889,-94.6502
20120097,0,29.759006,-96.147803
20120098,1,41.49188,-87.91791
20120099,1,29.3736,-89.5514
20120100,0,29.787,-94.4015
20120101,0,32.01435,-102.01776
20120102,0,40.894805,-85.440504
20120103,0,45.010556,-108.913889
20120104,0,29.72941,-95.22026
20120105,0,33.007092,-102.97538
20120106,0,30.5187,-91.4012
20120107,0,45.894167,-95.389444
20120108,1,41.95138,-88.27772
20120109,0,40.52243,-74.25384
20120111,1,29.274667,-89.952333
20120112,1,37.800717,-96.88095
20120113,0,31.77654,-96.3958
20120114,1,38.79106,-89.08415
20120115,0,47.098889,-104.759167
20120116,0,47.378551,-94.666629
20120117,1,47.6895,-95.4097
20120118,1,38.82204498,-90.07891101
20120119,0,38.82855,-90.08931
20120120,1,33.795549,-98.651289
20120121,0,29.974993,-94.05586
20120122,0,32.02821,-89.10162
20120123,1,31.821442,-94.469056
20120124,1,41.148878,-103.682297
20120125,1,27.8215,-97.395
20120126,0,48.455641,-122.390712
20120127,0,48.455641,-122.390712
20120128,0,30.8568,-96.45806
20120129,1,32.862785,-102.920159
20120130,0,32.01426,-102.02737
20120131,0,47.68889,-95.41222
20120132,1,39.72708,-92.04994
20120133,0,41.658008,-88.041942
20120134,0,33.03138,-102.82027
20120135,0,33.03138,-102.82777
20120136,1,40.52243,-74.25384
20120139,0,35.34866,-98.09101
20120141,1,35.953247,-96.758858
20120142,1,38.066978,-122.133742
20120143,0,30.1408,-94.3989
20120144,0,33.80197,-118.23844
20120145,0,30.010536,-90.861846
20120146,0,30.492551,-91.187577
20120148,0,35.9382,-96.74755
20120149,0,70.15120454,-147.09653571
20120150,0,45.05919,-93.19544
20120151,0,29.06023333,-95.35065556
20120152,0,40.647936,-88.340732
20120153,0,35.04474,-119.19115
20120154,0,37.78977,-96.90047
20120155,0,29.145153,-95.67591
20120156,0,27.83125,-97.51745
20120157,0,41.62672,-87.433952
20120158,0,29.52107,-93.5745
20120159,1,40.352903,-74.125619
20120160,0,34.244372,-97.948581
20120161,0,40.608511,-74.239999
20120162,1,34.972892,-120.444417
20120163,0,29.419652,-95.308771
20120164,0,39.03543,-84.69089
20120165,1,32.40169,-97.593745
20120166,1,30.554483,-91.457458
20120167,0,35.7688889,-97.6930556
20120168,0,30.793919,-88.204914
20120169,0,30.0064,-90.4013
20120170,0,38.35257318,-91.32391233
20120171,0,37.579665,-97.085468
20120172,1,34.32044,-100.24465
20120173,0,29.71871,-95.17964
20120174,0,44.81602,-108.49913
20120175,1,39.5894,-92.38284
20120176,1,40.711686,-84.132645
20120177,0,40.588225,-74.222514
20120178,0,37.8048,-96.91755
20120179,0,31.790487,-103.132559
20120180,0,32.26812,-101.40486
20120181,1,35.92536,-96.74162
20120183,0,40.40966,-91.83585
20120184,0,32.0729,-96.4767
20120185,1,46.902916,-103.295787
20120186,0,35.4672,-119.704
20120187,0,35.97916323,-96.00824525
20120188,1,41.395652,-87.97975
20120189,0,43.93146,-94.11098
20120190,1,40.352903,-74.125619
20120191,0,33.99271,-83.41999
20120192,0,31.43275,-102.438656
20120193,0,35.737564,-97.379338
20120194,0,35.943731,-96.754603
20120195,0,46.68889,-92.05972
20120196,1,31.68154,-102.07528
20120197,0,30.008992,-90.854975
20120198,1,29.747769,-95.129993
20120199,1,33.795549,-98.651289
20120200,1,37.93455,-95.243912
20120201,1,41.286642,-81.211906
20120202,1,37.7958,-96.72309
20120203,0,35.276957,-116.021774
20120204,0,31.7918,-103.13161
20120205,0,28.949672,-95.431631
20120206,0,28.950953,-95.432542
20120207,0,34.00551,-118.14477
20120208,0,29.952222,-96.861139
20120209,0,29.145494,-95.674314
20120210,1,37.721901,-97.147138
20120211,0,32.87718,-91.05218
20120212,0,33.17535,-102.23929
20120213,0,39.08605,-102.46611
20120214,0,34.1897222,-97.3761111
20120215,1,40.514382,-75.532567
20120216,0,32.4813,-94.8373
20120217,1,34.84251,-99.13711
20120218,1,37.80389,-96.51428
20120219,0,41.435852,-81.668922
20120220,1,33.247889,-98.792389
20120221,0,37.75877757,-92.67267003
20120222,1,29.997663,-94.076706
20120223,0,28.809202,-96.978674
20120224,1,38.025394,-122.129423
20120225,0,32.0729,-96.4767
20120226,0,30.79796,-96.27369
20120227,0,29.81987246,-95.15331796
20120228,0,30.80147,-96.28436
20120229,0,33.05365,-103.59627
20120230,0,35.95885,-96.75655
20120231,1,32.779328,-102.950633
20120232,1,40.513554,-75.53238
20120233,1,38.09496,-98.58163
20120234,1,30.1571,-93.0463
20120235,0,30.90944,-90.87166
20120236,0,40.6246,-74.19254
20120237,1,30.15683,-90.853719
20120238,1,43.297089,-88.130513
20120239,0,41.6872222,-107.9802778
20120240,1,29.8964,-94.0054
20120241,0,37.81841,-97.37093
20120242,1,40.52243,-74.25384
20120243,0,29.51419,-93.5739
20120244,0,46.81973992,-95.14887905
20120245,1,28.9598,-95.31151
20120246,0,29.97504,-94.05633
20120247,0,38.834923,-77.399801
20120248,1,43.895611,-89.638236
20120249,1,31.19309,-102.98994
20120250,0,30.1457,-94.4076
20120251,0,46.41428,-92.03609
20120252,0,35.9361111,-96.7380556
20120253,0,32.78111,-88.04631
20120254,0,37.070361,-89.63841
20120255,0,39.12889,-94.60709
20120256,0,33.85596,-84.62949
20120257,0,29.3786,-95.1101
20120258,0,29.1049,-90.1919
20120259,0,27.826919,-97.198572
20120260,1,39.060075,-88.495556
20120261,0,36.17115,-97.432256
20120262,0,30.16414,-94.43055
20120263,1,29.911491,-94.008985
20120264,0,32.655,-103.1375
20120265,1,29.955034,-94.24222
20120266,0,44.069,-116.98
20120267,0,32.28877,-94.50289
20120268,0,39.8955,-75.25948
20120269,0,37.495186,-96.813234
20120270,1,29.764311,-94.982056
20120271,0,43.8516667,-106.4083333
20120272,1,27.8608333,-82.1983333
20120273,1,38.851604,-90.087322
20120274,0,43.8516667,-106.4083333
20120275,1,41.68140797,-87.82598113
20120276,0,29.97583,-94.05681
20120277,0,35.059321,-119.064098
20120278,1,42.94222,-93.90276
20120279,1,42.72143,-94.60402
20120280,0,40.57704,-74.2498
20120281,1,29.485,-89.4441666
20120282,0,42.282925,-83.141045
20120283,0,46.49535,-110.061642
20120284,1,32.1057904,-101.2216288
20120285,0,37.6159,-99.1263
20120286,1,32.01493,-102.02951
20120287,0,35.1544444,-119.3388889
20120288,0,30.1150416,-90.9009944
20120289,0,40.608277,-74.221761
20120290,1,28.949889,-95.432381
20120291,0,30.056,-91.1357
20120292,0,40.52243,-74.25384
20120293,1,40.52243,-74.25384
20120294,1,29.34525,-94.935183
20120295,1,30.145154,-94.405099
20120296,0,29.79449,-95.28034
20120297,0,33.33278,-98.72257
20120298,0,32.5327,-100.8309
20120299,0,35.3599366,-119.6614872
20120300,0,31.13575,-102.18757
20120301,0,33.90593,-118.42132
20120302,0,32.532,-100.83054
20120303,0,33.8000022,-118.233913
20120304,0,31.77393,-96.40047
20120305,0,31.76885,-103.17565
20120306,0,41.609953,-87.466475
20120307,0,32.089083,-102.138981
20120308,0,30.6688,-94.527
20120309,0,29.348547,-94.939136
20120310,1,33.86206,-118.22369
20120311,1,35.05097,-85.33488
20120312,0,39.323679,-87.900338
20120313,0,35.94109,-96.74697
20120315,0,38.835046,-77.400392
20120316,0,40.136819,-104.509592
20120317,1,29.726669,-90.592643
20120318,0,29.96887,-89.25292
20120319,1,35.939625,-96.747821
20120320,0,33.84494,-118.232432
20120321,0,40.51608,-88.31929
20120322,0,40.401,-110.759
20120323,0,30.006667,-90.856111
20120324,1,29.422222,-89.99
20120325,1,30.145154,-94.405099
20120326,0,37.817,-121.587
20120327,0,33.841119,-118.246558
20120328,1,42.222753,-104.694064
20120329,1,33.138683,-98.122177
20120330,0,35.944728,-96.764824
20120331,0,33.956,-117.884167
20120332,0,45.89504,-95.39047
20120333,0,38.12745,-96.191081
20120334,0,47.634874,-117.669642
20120335,0,40.52243,-74.25384
20120336,0,32.23587,-91.62582
20120337,0,41.644119,-87.892427
20120338,0,32.08014,-103.17604
20120339,1,28.60758,-97.81663
20120340,1,28.618056,-92.069167
20120341,0,35.94805,-96.74979
20120342,0,35.276957,-116.021774
20120343,1,42.11445,-104.564875
20120344,0,40.608272,-74.208518
20120345,1,29.951987,-93.887925
20120346,0,47.0988,-104.759017
20120347,0,41.684108,-91.570103
20120348,1,41.73889472,-90.81978672
20120349,1,36.64234919,-94.9731575
20120350,0,30.28649,-94.50634
20120351,0,42.225925,-104.686441
20120352,0,29.11242,-98.11987
20120353,1,32.06432,-96.86338
20120354,1,33.902032,-118.313486
20120355,0,30.160197,-93.030086
20120356,0,30.909265,-90.871663
20120357,0,33.767016,-96.89285
20120358,1,48.24275,-101.25444
20120359,1,30.15735228,-93.04560277
20120360,1,29.71816,-95.17971
20120361,0,29.9771376,-94.0563685
20120362,0,36.0191,-96.7569
20120363,0,43.2930556,-107.625
20120364,1,41.68411,-91.5701
20120365,0,31.01183,-102.01582
20120366,0,39.15386,-94.62234
20120367,0,34.20969,-97.54401
20120368,0,40.6084,-74.2222
20120369,1,41.55556,-87.88528
20120370,1,29.87283,-93.95767
20120371,0,38.585632,-90.178975
20120372,1,35.019374,-119.063134
20120373,1,30.84377614,-95.49514204
20120374,1,40.621988,-97.549726
20120375,1,32.113857,-101.255144
20130001,1,28.894955,-97.759029
20130002,0,29.718947,-95.059155
20130003,0,29.712258,-95.880858
20130004,1,40.505602,-74.642893
20130005,0,38.338614,-97.676694
20130006,0,39.8458,-75.4222
20130007,1,35.59243,-96.30796
20130008,0,37.66279,-78.2375
20130009,0,33.86379,-97.95413
20130010,0,37.44967,-77.63277
20130011,1,40.97604,-96.4566
20130012,0,32.87476,-91.05339
20130013,0,30.479042,-91.202633
20130014,1,42.2748,-83.4048
20130015,1,37.05446,-96.18822
20130016,0,40.3375,-89.82917
20130017,0,48.284494,-102.926272
20130018,1,33.59202,-96.38146
20130019,0,38.377992,-82.605496
20130020,0,44.815919,-108.4989
20130021,1,32.833,-90.845
20130022,1,32.874247,-103.300039
20130023,0,30.066112,-93.820278
20130024,0,33.87367,-100.08678
20130025,0,35.097214,-119.3917
20130026,0,38.569474,-121.522658
20130027,1,42.131311,-83.22664
20130028,0,30.54741,-90.16677
20130029,1,37.045196,-101.854915
20130030,1,40.3196,-76.0431
20130031,0,32.70298,-92.54888
20130032,0,30.94062,-94.40307
20130033,1,36.07076,-79.93915
20130034,0,33.698451,-85.13932
20130035,0,33.42163,-86.28629
20130036,0,45.143056,-92.999245
20130037,0,31.41808,-87.40189
20130038,0,30.066112,-93.820278
20130039,1,37.061114,-95.576738
20130040,1,41.41355,-93.62581
20130041,0,31.531786,-96.185508
20130042,1,35.94607,-96.74874
20130043,0,40.513477,-84.953281
20130044,0,32.87476,-91.05339
20130045,0,38.73302,-77.19229
20130046,1,35.726944,-101.354167
20130047,0,35.940158,-96.747808
20130048,0,38.91689,-95.68922
20130049,1,38.7919,-99.6332
20130050,0,45.479889,-108.852723
20130051,0,33.24455,-102.26934
20130052,0,32.813,-104.061182
20130053,0,29.792012,-95.282365
20130054,0,45.89341,-95.3928
20130055,0,38.205021,-85.84991
20130056,0,32.48128,-94.83778
20130057,0,34.245072,-97.947953
20130058,0,36.03403,-87.94348
20130059,1,32.54948,-98.71181
20130060,0,42.87907,-94.08965
20130061,0,38.09347,-98.58167
20130062,0,34.07083,-97.944108
20130063,1,48.27904,-99.30399
20130064,1,40.52243,-74.25384
20130065,1,30.03188,-94.06856
20130066,0,40.585479,-74.213579
20130067,0,37.6159,-99.1262
20130068,1,43.6067,-116.249
20130069,0,42.06139,-83.83167
20130070,0,35.95885,-96.75655
20130071,1,38.923554,-88.385636
20130072,0,32.86057,-100.93178
20130073,1,32.70141,-98.84219
20130074,0,29.708617,-95.1625
20130075,0,31.931914,-102.580805
20130076,1,29.8279,-94.9438
20130077,0,33.83017,-96.445621
20130078,0,29.9807,-94.06
20130079,0,40.002304,-97.632707
20130080,0,45.722409,-94.973972
20130081,0,29.9121,-94.0067
20130082,0,41.6877778,-107.98
20130083,1,40.52243,-74.25384
20130084,1,31.96551,-89.24499
20130085,0,30.92773,-94.54854
20130086,1,30.92696,-94.55099
20130087,1,32.56273,-98.7191
20130088,0,40.585479,-74.213579
20130089,1,29.461595,-95.245072
20130090,1,32.61094,-98.7683
20130091,1,29.69373658,-95.03284979
20130092,1,29.62333683,-95.05727158
20130094,0,39.17837,-94.65934
20130095,0,30.1458,-94.4014
20130096,0,30.049461,-94.069686
20130097,1,37.84552,-97.08663
20130098,1,37.188347,-93.783194
20130099,1,40.395534,-85.110422
20130100,0,33.855711,-84.629237
20130101,1,29.763813,-95.012758
20130102,0,41.510158,-87.445686
20130103,1,44.460839,-105.576613
20130104,0,39.544,-87.5885
20130105,1,29.37889,-94.93121
20130106,0,29.8538,-93.95632
20130107,0,29.253809,-89.967529
20130108,1,29.52032,-95.107733
20130109,1,35.94072,-96.74691
20130110,0,40.585479,-74.213579
20130111,1,30.087494,-89.928927
20130112,0,32.088227,-102.137422
20130113,0,35.285,-101.541111
20130114,1,30.93182,-94.53129
20130115,1,35.84613,-97.62086
20130116,1,33.863481,-118.16312222
20130117,1,29.9877906,-94.0637716
20130118,0,30.10556,-92.88889
20130119,0,38.34024,-98.31176
20130120,0,41.322508,-102.87641
20130121,1,32.532145,-88.574787
20130122,0,36.13137,-96.02489
20130123,1,35.95778,-96.74944
20130124,0,30.05006,-94.07014
20130125,1,32.5343,-97.0456
20130126,1,29.633617,-90.1741
20130127,0,30.02767,-94.5044
20130128,0,29.708617,-95.1625
20130129,0,37.9702,-97.0122
20130130,1,33.24043,-93.1468
20130131,0,32.02363,-102.012028
20130132,1,30.2304266,-91.03874
20130133,0,35.097314,-119.391572
20130134,1,32.0711,-96.47409
20130135,0,43.1407,-93.35381
20130136,1,41.419421,-112.052591
20130137,1,41.640835,-87.46149
20130138,0,32.772073,-96.323668
20130139,0,31.784903,-102.17472
20130140,0,29.87727,-93.95604
20130141,0,37.46699,-86.22466
20130142,0,29.926686,-94.698972
20130143,1,41.752979,-83.551501
20130144,1,28.8239,-97.9906
20130145,0,41.255807,-82.397732
20130146,0,31.525701,-91.768142
20130147,0,31.13665,-102.19186
20130148,0,30.71263,-91.28181
20130149,1,29.716111,-95.2219583
20130150,0,41.752979,-83.551501
20130151,1,34.96406,-92.42859
20130152,1,47.685115,-95.412879
20130153,1,39.328029,-87.897211
20130154,0,32.0711,-96.47409
20130155,0,29.81987246,-95.15331796
20130156,1,37.052548,-95.612086
20130157,1,29.706587,-95.228165
20130158,0,40.59063,-74.21935
20130159,0,33.736385,-118.271949
20130160,0,40.52243,-74.25384
20130161,0,41.2885,-72.8999
20130162,1,38.58556,-94.22335
20130163,1,39.816597,-89.086496
20130164,1,38.38154,-97.83127
20130165,0,33.28411,-86.80266
20130166,1,28.54022,-99.18709
20130167,0,40.711466,-84.131779
20130168,0,30.18348,-93.3292
20130169,1,29.74772,-95.13058
20130170,0,40.59063,-74.21935
20130171,0,36.54755,-97.20423
20130172,0,31.52811,-103.56208
20130173,0,35.94336,-96.75159
20130174,0,32.0711,-96.47409
20130175,0,33.826786,-98.638556
20130176,1,48.21111,-96.43556
20130177,0,39.22226,-89.493926
20130178,0,40.519728,-75.535209
20130179,1,38.82204498,-90.07891101
20130180,0,36.18977222,-120.3564278
20130181,0,32.00836,-102.0054
20130182,0,41.274678,-82.167048
20130183,0,32.61009,-94.22141
20130184,0,34.55306,-82.47944
20130185,0,36.18085,-86.82914
20130186,0,34.23884,-97.492924
20130187,1,48.323422,-99.614158
20130188,1,47.882222,-97.21214672
20130189,1,36.57243,-90.87867
20130190,1,47.90556,-96.02083
20130191,1,42.183809,-91.189346
20130192,0,29.708617,-95.1625
20130193,0,36.135178,-95.63705
20130194,0,38.869483,-90.477517
20130195,0,40.31491,-76.03375
20130196,0,43.080915,-95.179006
20130197,1,29.82961,-91.001564
20130198,1,39.853611,-86.226389
20130199,0,31.7768,-96.3957
20130200,1,38.95973,-89.44549
20130201,0,29.763824,-95.012757
20130202,0,28.95081,-95.43176
20130203,0,32.9392,-97.2963
20130204,0,33.5890316,-102.4290155
20130205,1,29.44778,-90.26972
20130206,0,41.67288,-83.45348
20130207,1,29.90949,-94.26191
20130208,1,35.95885,-96.75655
20130209,1,29.31589,-89.28764
20130210,0,41.90877,-96.24902
20130211,0,30.0038889,-90.8547222
20130212,0,34.31371,-99.28394
20130213,0,29.34551,-94.93573
20130214,0,39.8411,-75.4177
20130215,0,39.74636,-104.67988
20130216,0,39.915961,-86.246533
20130217,1,40.291729,-85.862736
20130218,0,34.092292,-98.90449
20130219,0,29.73069,-95.23189
20130220,0,40.52243,-74.25384
20130221,0,40.52243,-74.25384
20130222,0,36.01167,-96.45009
20130223,0,46.6178,-96.4543
20130224,0,28.920722,-98.141111
20130225,0,29.473497,-96.621621
20130226,0,38.34021,-98.31168
20130227,0,39.36863,-93.459573
20130228,0,28.41922,-97.9921
20130229,1,43.992624,-104.388373
20130230,1,36.947219,-100.293152
20130231,0,40.16005,-110.077696
20130232,0,40.94267,-88.64449
20130233,0,32.02064,-102.01648
20130234,0,32.49781,-98.63609
20130235,0,30.83705,-95.17334
20130236,0,41.55849,-93.52615
20130237,1,28.61171,-97.09409
20130238,0,45.78611,-84.77444
20130239,0,33.85602,-84.62397
20130240,0,40.676504,-81.347693
20130241,0,32.848,-104.39
20130242,0,35.063508,-119.064372
20130243,0,29.97523,-94.05578
20130244,0,34.093675,-83.233783
20130245,1,35.96576,-103.18311
20130246,1,31.93856,-102.22691
20130247,0,40.52243,-74.25384
20130248,0,40.52243,-74.25384
20130249,0,39.673538,-76.125691
20130250,0,32.38719,-99.71718
20130251,1,29.10788,-90.16212
20130252,0,33.914572,-98.440369
20130253,0,67.7987,-149.8164
20130254,1,33.863,-97.9533
20130255,1,32.3036,-88.3412
20130256,0,30.0095,-94.0594
20130257,1,36.01663,-96.7549
20130258,1,42.80667,-94.36011
20130259,1,42.79375,-94.40176
20130260,0,38.3362,-97.67782
20130261,0,37.226483,-89.481844
20130262,0,35.32395,-119.650239
20130263,1,45.250322,-107.701801
20130264,0,29.36555,-94.93971
20130265,0,36.07123064,-79.93686505
20130266,1,30.155076,-91.563535
20130267,1,28.3563889,-99.571389
20130268,0,41.61955,-83.44724
20130269,1,47.7826,-103.56694
20130270,0,28.605919,-97.800378
20130271,1,29.90087416,-94.00565624
20130272,1,40.52243,-74.25384
20130273,0,37.80249,-96.91695
20130274,1,48.331143,-99.631503
20130275,1,48.365352,-100.119192
20130276,1,39.70808,-80.56138
20130277,0,33.914949,-98.437029
20130278,0,28.63112,-98.789953
20130279,0,38.19639,-94.81861
20130280,0,47.32444,-93.76306
20130281,1,33.139747,-98.1214
20130282,1,29.04464,-97.49499
20130283,1,36.07123064,-79.93686505
20130284,1,29.04718,-95.35215
20130285,0,34.421537,-105.224281
20130286,1,42.9916667,-106.7119444
20130287,0,32.10503,-101.46052
20130288,1,45.883706,-96.492211
20130289,1,36.927591,-96.052414
20130290,0,35.431862,-119.68993
20130291,0,39.025586,-85.851089
20130292,0,35.94754,-96.74449
20130293,0,32.7261111,-103.2997222
20130294,0,43.78507,-94.624817
20130295,1,41.51616,-87.44906
20130296,1,40.52243,-74.25384
20130297,0,45.698036,-93.997047
20130298,0,42.1043,-75.9956
20130299,0,39.85162,-75.41714
20130300,0,41.67284,-83.45352
20130301,0,40.605222,-74.23907
20130302,0,30.02448,-94.79471
20130303,0,48.012617,-102.881185
20130304,1,38.003663,-122.056224
20130305,1,30.060572,-93.5581
20130306,1,36.346272,-96.38565
20130307,1,41.697667,-90.098627
20130308,0,40.57741,-74.24819
20130309,1,32.483217,-94.831033
20130310,0,40.52243,-74.25384
20130311,0,39.789126,-89.104467
20130312,0,30.20382,-97.87389
20130313,1,47.934931,-103.647714
20130314,1,33.806255,-118.229308
20130315,1,33.949629,-118.370221
20130316,0,32.39482,-99.75808
20130317,0,41.8458333,-106.2038889
20130318,0,29.950028,-96.850184
20130319,1,37.79193,-96.88026
20130320,1,42.854755,-94.159355
20130321,0,30.04236,-96.91462
20130322,1,42.8842,-82.4943
20130323,1,29.705972,-95.237834
20130324,0,40.04027,-86.41016
20130325,0,37.052386,-95.611575
20130326,0,40.04027,-86.41016
20130327,0,29.70639,-95.23416
20130328,1,39.3271159,-87.8981323
20130329,0,32.531983,-100.841964
20130330,0,40.203611,-93.326669
20130331,0,34.874565,-97.79908
20130332,1,28.488488,-98.160559
20130333,1,35.55167,-78.3075
20130334,1,29.146389,-96.0775
20130335,0,40.351944,-77.51333
20130336,1,32.359487,-105.337417
20130337,0,40.6082833,-74.2117528
20130338,1,36.086068,-101.046424
20130339,0,36.77414,-97.75689
20130340,1,43.58698,-93.9091
20130341,0,42.81144,-94.33013
20130342,1,39.02942,-97.38027
20130343,1,29.716471,-95.217226
20130345,1,40.519942,-75.532336
20130346,0,29.72979,-95.22212
20130347,0,31.215,-97.4765
20130348,0,44.78880643,-85.15468796
20130349,0,37.79167,-95.42361
20130350,1,35.265278,-101.890833
20130351,0,31.655975,-102.24834
20130353,1,48.524251,-102.856912
20130354,0,30.84377614,-95.49514204
20130355,1,28.949448,-95.430748
20130356,0,32.02343,-102.01767
20130357,0,33.8630556,-118.2166667
20130358,0,35.936195,-96.748525
20130359,1,32.28981,-95.38024
20130360,0,31.97435,-89.58269
20130361,0,35.3496,-119.654007
20130362,1,29.854022,-94.892908
20130363,1,33.86657,-117.838615
20130364,1,33.769722,-118.208889
20130366,1,43.0456,-77.74824
20130367,0,33.03568558,-96.20079871
20130368,1,29.717115,-95.17842
20130369,0,32.782062,-103.960134
20130370,0,31.76976,-103.1764
20130371,0,29.89936,-93.955483
20130372,0,28.5088889,-99.2227778
20130373,1,32.36876,-99.65356
20130374,0,36.4302,-97.45631
20130375,1,34.314349,-119.298397
20130376,1,36.775556,-97.755756
20130377,0,39.70736769,-89.17722989
20130378,0,35.94066,-96.74784
20130379,1,48.304045,-102.373875
20130380,1,48.325686,-101.752403
20130381,1,41.61566,-93.12757
20130382,1,29.92317489,-97.1231789
20130383,1,40.588583,-74.21558
20130384,0,33.26013184,-92.63136292
20130385,0,29.81987246,-95.18024582
20130386,0,30.13945,-94.604717
20130387,0,40.52243,-74.25384
20130388,1,33.22973,-96.06001
20130389,0,46.69,-92.06
20130390,0,42.917984,-105.240693
20130391,1,36.67346274,-97.19300732
20130392,0,35.317952,-97.243049
20130393,0,39.395483,-104.939441
20130394,0,31.15903,-94.67588
20130395,0,35.69559,-97.59628
20130396,1,32.108042,-96.94382
20130397,0,32.842833,-90.905417
20130398,1,33.828281,-98.638347
20130399,1,40.039849,-86.409788
20130400,0,38.83618,-101.75231
20130401,0,34.2391,-97.5136
20130402,0,32.079424,-103.178079
20130403,1,29.36586,-89.34615
20130404,0,27.831131,-97.518106
20130405,1,36.7889,-100.6198
20130406,0,27.839803,-97.531604
20130407,0,32.650565,-103.14003
20130408,0,36.905274,-108.800237
20130409,0,29.787397,-94.40137
20130410,0,38.79205,-89.07362
20130411,1,38.7893921,-89.06510432
20140001,1,37.12022,-99.98155
20140002,0,35.9863,-96.7465
20140003,0,41.5652,-109.9803
20140004,1,35.597478,-97.247747
20140005,1,33.31601,-96.19278
20140006,1,38.814911,-99.566148
20140007,1,36.649239,-97.161522
20140008,1,39.277928,-99.652257
20140009,1,29.75023,-95.20624
20140010,0,36.4309,-107.062
20140011,1,40.80216,-76.60618
20140012,0,30.54601111,-91.16789167
20140013,0,40.519999,-75.531339
20140014,0,31.62733,-89.54218
20140015,1,34.394601,-97.418438
20140016,0,35.95778,-96.74944
20140017,0,39.03517,-84.69
20140018,1,38.829252,-90.089749
20140019,1,32.650552,-103.1392
20140020,0,29.787397,-94.40137
20140021,0,40.609013,-74.239568
20140022,1,35.5291888,-119.807777
20140023,0,29.22007944,-89.3959391
20140024,1,35.69179,-97.59352
20140025,0,29.85731,-94.895471
20140026,0,29.75023,-95.28087
20140027,0,35.6905,-97.5925
20140028,1,29.68112,-95.01403
20140029,0,36.07076,-79.93915
20140030,1,41.55694,-87.88556
20140031,1,38.339543,-97.676782
20140032,1,34.70203,-82.23533
20140033,0,38.344339,-97.674046
20140034,0,41.322508,-102.87641
20140035,0,39.36293,-97.47972
20140036,0,31.948696,-102.602889
20140037,0,41.529826,-109.393141
20140038,1,32.70276,-117.15622
20140039,0,29.750895,-95.131758
20140040,0,37.357891,-97.757054
20140041,0,37.321081,-96.843305
20140042,0,40.697527,-84.126687
20140043,0,35.96984,-96.01389
20140044,0,30.54774,-91.16217
20140045,0,44.77084,-93.04914
20140046,0,38.341141,-97.669735
20140047,0,38.344339,-97.674046
20140048,1,33.800211,-118.255721
20140049,0,40.52243,-74.25384
20140050,0,32.50059,-94.84779
20140051,1,39.7859444,-84.1620056
20140052,0,28.949448,-95.430748
20140053,0,47.32556,-93.76389
20140054,0,41.609732,-87.466047
20140055,1,33.56399,-97.87105
20140056,0,37.35595,-98.20689
20140057,0,35.8377778,-96.5122222
20140058,0,32.89621,-102.56563622
20140059,0,40.609319,-74.239141
20140060,1,32.04704,-94.10641
20140061,0,36.48798,-108.1301
20140062,0,31.81845,-102.33304
20140063,0,32.06417,96.86614
20140064,0,40.519254,-75.530339
20140065,0,34.206615,-98.58121
20140066,0,29.374592,-89.552288
20140067,1,37.205338,-76.461278
20140068,0,30.90931,-90.87143
20140069,0,21.31668,-158.09993
20140070,0,41.626855,-87.443384
20140071,1,32.76118,-100.94666
20140072,1,41.51487,-87.4512
20140073,1,43.114444,-105.8525
20140075,0,32.9942,-102.79009
20140076,0,41.612919,-87.468926
20140077,0,47.524128,-111.293911
20140078,1,38.88144,-94.7452
20140079,1,30.75774,-93.7767
20140080,1,29.819151,-95.154632
20140081,0,43.3117,-83.49045
20140082,0,40.47829444,-104.4352667
20140083,0,30.711259,-91.282986
20140084,1,36.6093,-98.51248
20140085,1,41.616693,-91.408465
20140086,0,41.60766736,-87.43874523
20140087,0,38.863322,-89.958939
20140088,0,30.71051,-91.28333
20140089,0,37.643839,-88.878198
20140090,1,41.421858,-81.761444
20140091,0,38.501433,-90.298736
20140092,0,38.776587,-89.084633
20140093,1,47.96935,-103.62392
20140094,0,32.83256,-95.48887
20140095,0,32.5374,-100.8358
20140096,0,42.53934,-88.6345
20140097,0,33.251978,-92.640564
20140098,0,31.788398,-89.332383
20140099,0,40.70825,-84.12206
20140100,0,35.265278,-101.890833
20140101,0,35.93784934,-96.71795726
20140102,0,32.519797,-94.870959
20140103,0,31.8063,-103.81461
20140104,1,47.78822,-103.97761
20140105,0,32.48252,-94.84004
20140106,0,36.00758,-96.75135
20140107,1,41.52278,-87.45194
20140108,0,30.1291,-94.63106
20140109,0,41.806608,-83.601248
20140110,1,34.044058,-118.441362
20140111,0,32.53024,-100.83563
20140112,0,34.55747,-97.28468
20140113,0,37.462217,-86.225891
20140114,0,34.55773,-97.37179
20140115,1,32.44166,-94.81077
20140116,1,30.383529,-95.724109
20140117,1,35.5291888,-119.80777
20140118,0,35.950352,-96.7594
20140119,0,47.30177,-110.7567
20140120,0,32.0711,-96.47409
20140121,0,31.78542,-102.55676
20140122,0,38.339275,-97.676786
20140123,0,43.14017,-93.35353
20140124,0,30.390281,88.173136
20140125,1,35.945288,-96.750877
20140126,1,33.787864,-118.269456
20140127,1,40.697102,-84.127323
20140128,0,41.507105,-87.452478
20140129,0,41.311708,-87.006836
20140130,1,29.97101,-93.942296
20140131,0,32.081667,-103.1811111
20140132,0,35.94603,-96.74797
20140133,0,48.112149,-103.778247
20140134,0,33.97676,-83.9178
20140135,0,41.126883,-104.791108
20140136,0,28.4622222,-98.2225
20140137,0,32.072932,-96.467214
20140138,0,41.626461,-87.440797
20140139,1,43.016283,-84.6554
20140140,1,41.14364,-87.902235
20140141,1,37.8681,-98.02141
20140142,0,48.39696,-102.91027
20140143,0,29.91156,-94.00983
20140144,1,47.921839,-103.563575
20140145,0,33.936574,-98.496891
20140146,0,27.83668,-97.52718
20140147,0,33.616375,-85.778931
20140148,1,32.61263,-101.0593
20140149,0,32.874236,-103.3011341
20140150,0,33.91486,-98.43757
20140151,1,48.720364,-101.20851
20140152,1,39.252793,-84.685909
20140153,0,31.50897,-104.35466
20140154,0,36.03385,-87.94387
20140155,1,33.7161833,-84.9190558
20140156,0,34.216537,-97.28714
20140157,0,38.581933,-90.188644
20140158,0,31.636831,-89.523521
20140159,0,41.05384,-81.3385
20140160,0,32.07175,-96.47357
20140161,1,29.935,-94.2833333
20140162,0,37.972548,-103.484322
20140163,1,32.47599,-94.71869
20140164,0,34.87656,-97.79842
20140165,0,43.95222,-89.68333
20140166,0,28.91382,-96.628799
20140167,0,42.024045,-87.951209
20140168,0,29.34525,-94.935183
20140169,0,45.152093,-104.714812
20140170,1,38.34044,-97.83677
20140171,0,28.422635,-81.369965
20140172,0,37.66399,-78.239171
20140173,0,36.03385,-87.94387
20140174,0,31.6256,-98.8071
20140175,1,36.77616,-97.24686
20140176,0,42.870358,-76.93538
20140177,1,29.466936,-89.514842
20140178,1,45.143056,-92.999245
20140179,0,30.71133,-91.27589
20140180,0,41.41579,-93.62086
20140181,0,32.07254,-101.856855
20140182,0,35.93784934,-96.71795726
20140183,0,31.718902,-102.21213
20140184,0,41.621205,-83.485937
20140185,1,29.4313,-95.65
20140186,1,41.831164,-79.117514
20140187,1,32.080668,-103.178983
20140188,0,32.4836,-94.8305
20140189,0,29.9006722,-94.0055528
20140190,0,47.32556,-93.76389
20140191,1,31.85330114,-104.53896522
20140192,0,28.37,-99.641
20140193,1,30.010811,-94.056361
20140194,0,29.717371,-95.179389
20140195,0,30.170532,-93.339358
20140196,0,35.7391,-96.15759
20140197,1,40.36474,-92.01656
20140198,0,32.4982,-98.6362
20140199,1,35.86561,-98.41103
20140200,1,31.718902,-102.21213
20140201,0,30.71133,-91.28204
20140202,1,32.97035,-92.93675
20140203,0,29.34525,-94.935183
20140204,0,30.83709,-95.17331
20140205,1,38.680985,-90.183432
20140206,0,41.1274,-104.7907
20140207,0,41.6076,-87.4667
20140208,0,30.0250818,-90.8409226
20140209,1,36.58261,-98.30137
20140210,0,41.1274,-104.7907
20140211,0,30.0751806,-94.064083
20140212,1,40.52243,-74.25384
20140213,0,35.46577,-97.44754
20140214,0,40.52243,-74.25384
20140215,0,32.02363,-102.012028
20140216,1,31.1158,-102.2931
20140217,0,32.019351,-102.01641
20140218,1,32.02363,-102.01169
20140219,0,39.369394,-99.80891
20140220,0,32.960694,-102.617915
20140221,1,29.71927,-95.1986
20140222,0,32.794161,-101.019901
20140223,1,28.260372,-92.250136
20140224,1,32.75619,-102.71984
20140225,1,40.29832,-92.11387
20140226,1,34.481971,-82.60639
20140227,0,33.03568558,-96.20079871
20140228,0,30.0058083,-90.8609222
20140229,0,31.819742,-88.903921
20140230,0,34.478859,-120.014772
20140231,1,34.146191,-118.272341
20140232,0,36.64234919,-94.9731575
20140233,0,30.47832,-91.21973
20140234,1,29.906433,-94.149808
20140235,0,39.13839,-94.60294
20140237,0,31.4396,-98.14535
20140238,1,37.7766173,-87.073657
20140239,0,37.7766173,-87.073657
20140240,0,29.76673,-95.01269
20140241,0,41.686997,-107.98125
20140242,1,30.01177,-90.857704
20140243,1,33.806917,-118.227056
20140244,1,35.28036,-119.42238
20140245,1,36.07076,-79.93915
20140246,1,32.017924,-102.026822
20140247,1,31.968284,-102.07291
20140248,0,34.94194,-92.45555
20140249,0,30.0065888,-90.4014277
20140250,0,35.444988,-119.0425888
20140251,0,44.85338,-92.99561
20140252,0,38.617704,-94.498427
20140253,0,31.64875,-89.51924
20140254,1,47.67506,-103.660016
20140255,0,29.69581,-89.97761
20140256,0,37.139844,-100.569479
20140257,0,33.003663,-122.056224
20140258,0,26.650465,-98.460842
20140259,0,35.947714,-96.754536
20140260,0,35.719298,-101.353026
20140261,0,38.50252,-94.86919
20140262,1,31.553051,-104.11549
20140263,0,47.582395,-115.300693
20140264,1,39.12071,-94.44495
20140265,1,34.0577675,-118.360143
20140266,0,38.26485,-97.8667
20140267,0,38.045747,-122.244843
20140268,0,38.061436,-122.134392
20140269,0,30.71133,-91.28204
20140270,0,42.05679,-88.49732
20140271,1,41.14364,-87.902235
20140272,1,38.792939,-89.085639
20140273,0,36.38322,-97.60424
20140274,1,35.983,-101.409
20140275,1,29.705972,-95.237834
20140276,0,31.66159,-102.20698
20140277,0,40.52243,-74.25384
20140278,0,40.58547,-74.21357
20140279,0,35.231666,-119.434622
20140280,1,33.803335,-118.254678
20140281,0,36.55711482,-97.29606047
20140282,0,39.96675,-83.110839
20140283,0,32.53193,-100.83051
20140284,1,41.410372,-88.373137
20140285,0,41.60766736,-87.43874523
20140286,0,37.80225,-96.87537
20140287,0,29.97507,-94.05649
20140288,1,32.650336,-103.139479
20140289,1,41.126883,-104.791108
20140290,0,39.04758,-101.73915
20140291,0,32.53151,-100.85003
20140292,0,29.752401,-95.207068
20140293,1,32.86467,-102.914893
20140294,0,47.458331,-122.22436
20140295,0,27.87527711,-91.9863888
20140296,1,40.34117,104.424018
20140297,0,39.846349,-75.459406
20140298,0,29.991106,-93.993675
20140299,0,44.803407,-94.835427
20140300,1,29.976335,-90.469736
20140301,0,33.86343,-118.16467
20140302,0,40.831354,-111.91978
20140303,1,30.737681,-95.340804
20140304,0,32.652052,-103.13993
20140305,0,30.01177,-90.857704
20140306,0,32.650231,-103.138898
20140307,1,33.7697415,-118.2093535
20140308,1,29.765783,-95.011627
20140309,0,36.472798,-102.268817
