report_num,significant,long,lat
20100001,0,-88.23353,41.94352
20100002,0,-100.80037,37.10847
20100003,1,-101.4044,32.22471
20100004,0,-74.2399,40.6086
20100005,0,-101.18974,31.13284
20100006,0,-117.35583,47.71696
20100007,1,-95.8301,41.21235
20100008,1,-97.8846,36.6659
20100009,1,-94.8679,32.4785
20100010,0,-80.7357,35.48354
20100011,0,-95.41732,47.68857
20100012,0,-93.34001,30.16801
20100013,1,-93.45965,39.36359
20100014,1,-94.83034,32.48325
20100015,0,-90.78774,30.17319
20100016,1,-97.78123,38.6707
20100017,1,-90.25444,29.47
20100018,0,-93.9897,29.8916
20100019,0,-103.1393,32.652
20100020,0,-90.79238,28.10406
20100021,1,-97.52554,48.99555
20100022,0,-94.8391,32.48248
20100023,0,-96.47081,32.06839
20100024,0,-95.17611,29.71478
20100025,0,-90.782,30.1724
20100026,1,-96.75427,35.94466
20100027,0,-101.35898,35.68463
20100028,1,-85.5012,38.1337
20100030,1,-96.64881,33.58266
20100031,0,-104.01317,39.0081
20100032,0,-96.90935,37.80218
20100034,0,-92.05972,46.68889
20100035,1,-95.15157,43.29183
20100036,0,-94.5968,39.13776
20100037,1,-96.74622,36.39836
20100038,0,-93.3524,30.1824
20100039,0,-94.86381,32.52582
20100040,0,-90.16677,30.54741
20100041,0,-96.75655,35.95885
20100042,1,-121.4483,38.5997
20100043,0,-98.46948,32.07267
20100044,1,-87.8861,41.5569
20100045,1,-91.04555,28.68555
20100046,0,-91.28349,30.71121
20100048,1,-119.06305,35.01937
20100049,0,-96.75629,35.93985
20100050,0,-93.27546,30.241
20100051,1,-94.96417,29.39972
20100052,1,-78.835,37.15778
20100054,1,-75.20447,39.91934
20100055,0,-93.33989,30.15957
20100056,0,-96.02906,36.13252
20100057,0,-78.91763,42.38229
20100058,1,-92.87136,39.46308
20100059,1,-87.8504,41.1784
20100060,0,-97.81895,32.06374
20100061,1,-94.60013,39.13844
20100062,0,-100.8377,32.5375
20100063,1,-94.61827,39.64343
20100064,0,-93.39656,38.63064
20100065,0,-96.14583,35.42148
20100066,1,-89.1883,29.2564
20100067,0,-95.2364,29.7169
20100068,0,-90.1886,36.5746
20100069,0,-84.36458,35.76698
20100070,1,-85.85146,39.02601
20100071,0,-87.34782,38.32113
20100072,0,-87.34782,38.32113
20100073,0,-94.01006,29.91232
20100074,0,-94.74432,38.88188
20100075,1,-97.62111,35.86572
20100076,0,-94.7185,32.47413
20100077,1,-94.00556,29.90083
20100078,1,-83.60071,41.80708
20100079,0,-91.27566,30.70863
20100080,0,-94.07668,29.99763
20100081,1,-93.73207,47.31006
20100082,0,-90.56593,40.16833
20100083,1,-97.4042,38.98742
20100084,0,-102.770368,46.851256
20100085,1,-93.782668,44.000221
20100086,0,-102.9138,48.39475
20100087,0,-90.07892,38.82204
20100088,0,-84.62941,33.85651
20100089,0,-95.141,29.7268
20100090,1,-94.94167,29.3475
20100091,0,-119.31192,35.27901
20100092,0,-103.0763,32.611
20100093,1,-81.36428,40.70942
20100094,1,-97.72254,38.47623
20100095,1,-97.02048,37.81654
20100096,0,-114.27034,42.51862
20100097,1,-82.59958,27.86028
20100098,0,-95.32798,42.45589
20100099,0,-74.2383,40.6054
20100100,0,-95.1489,46.8197
20100101,0,-91.18293,30.19071
20100102,0,-95.2338293,29.706473
20100103,1,-94.93901,29.34921
20100104,0,-118.27167,33.735001
20100105,0,-115.045311,36.253344
20100106,0,-96.74417,35.93749
20100107,0,-99.73018,38.72582
20100108,0,-102.46394,32.47042
20100109,1,-90.8508001,30.0119001
20100110,0,-95.179554,29.718767
20100111,0,-98.58654,33.07358
20100112,0,-102.380665,31.42962
20100113,0,-104.51014,42.20753
20100114,1,-74.21755,40.61428
20100115,0,-101.20851,48.720364
20100116,0,-94.60705,39.12851
20100117,0,-81.87401,34.91801
20100118,1,-98.350678,32.56184
20100119,1,-97.92161,44.62351
20100120,0,-100.83715,32.53091
20100121,0,-95.18038,29.71831
20100122,0,-94.84975,29.88878
20100123,0,-93.277717,30.239547
20100124,1,-145.76661,63.93074
20100125,0,-104.949162,39.800348
20100126,0,-90.71667,29.95687
20100127,0,-96.4708,32.06839
20100128,1,-97.00220001,28.85030001
20100129,0,-95.12399,29.74697
20100130,1,-85.741131,41.844019
20100131,1,-96.74132,35.93019
20100132,1,-97.10413,35.55441
20100133,1,-102.63968,31.98743
20100134,0,-94.83511,32.48191
20100135,1,-90.4019001,30.0124001
20100136,0,-90.768367,30.124278
20100137,0,-81.95333,33.59667
20100138,0,-94.593917,45.672992
20100139,1,-119.703991,35.467203
20100140,1,-90.24833,44.67167
20100142,1,-88.065491,39.506925
20100143,0,-84.113285,40.706418
20100144,0,-94.84362,31.65608
20100145,0,-96.75007,35.94595
20100146,1,-111.82493,40.76505
20100147,0,-104.783855,41.123379
20100148,0,-94.40322,30.94037
20100149,0,-97.29544,28.279502
20100150,1,-93.20991,30.25989
20100151,1,-89.437681,28.711239
20100152,0,-90.085713,38.828047
20100153,0,-87.236533,39.68524
20100154,0,-74.219176,40.591463
20100155,0,-100.82947,32.53275
20100156,1,-93.76306,47.32444
20100157,1,-88.340732,40.647936
20100158,1,-95.93719,41.31827
20100159,0,-98.41963,37.84074
20100160,0,-96.55946,36.00943
20100161,0,-94.86801,32.47831
20100162,0,-96.75729,36.01526
20100163,1,-82.53516,33.53866
20100165,1,-95.09823,29.62478
20100166,0,-97.694305,43.965346
20100167,0,-95.119722,29.630833
20100168,0,-77.44581,38.09072
20100169,0,-97.60874,35.23317
20100170,1,-97.75519,36.77451
20100171,0,-94.404044,30.145766
20100172,0,-94.97393,30.45372
20100173,0,-97.10423,35.55435
20100174,0,-94.500617,32.28594
20100175,0,-96.47081,32.06839
20100176,0,-95.058734,29.630232
20100177,1,-90.75851,30.78251
20100178,0,-121.246797,38.780525
20100179,1,-96.65431,40.36468
20100180,1,-90.07892,38.82204
20100181,1,-84.97251,42.24329
20100182,0,-108.474178,45.792899
20100183,1,-97.18992,34.82512
20100184,0,-94.57539,47.372103
20100185,1,-94.63389,47.38361
20100186,0,-97.90877,37.8875
20100187,0,-83.4878,41.6234
20100188,1,-96.47081,32.06839
20100189,0,-104.70138,38.66916
20100190,0,-101.65116,48.96572
20100191,0,-102.29321,32.11581
20100192,0,-98.63633,32.49783
20100193,0,-75.42217,39.8188
20100194,0,-95.203333,29.726944
20100195,1,-95.05733,29.66904
20100196,0,-102.0054,32.00836
20100197,0,-97.98185,34.43528
20100198,0,-95.47697,31.58929
20100199,1,-73.94435,40.73625
20100200,0,-97.3371,42.63521
20100201,1,-87.49049,41.577697
20100202,0,-95.180385,29.718312
20100203,1,-103.57639,32.46539
20100204,0,-96.00824525,35.97916323
20100205,0,-101.32146,37.08414
20100206,0,-92.37944,37.91083
20100207,1,-94.897099,29.847028
20100208,0,-94.9057,29.84671
20100209,0,-106.246861,42.855444
20100210,1,-94.922859,29.825329
20100211,1,-95.02365,29.73525
20100212,0,-97.831946,36.810495
20100213,1,-91.560667,30.496161
20100214,0,-95.213783,29.54619
20100215,1,-92.068889,28.617778
20100216,0,-94.0572917,29.97496932
20100217,0,-97.80143,38.37239
20100218,0,-97.83197,38.3693
20100219,0,-105.44129948,46.71782754
20100220,1,-74.3515,42.46833
20100221,1,-88.076523,41.655265
20100222,1,-91.00488,42.02244
20100223,0,-84.10547,42.56794
20100224,1,-95.18092,29.816369
20100225,0,-99.81866,32.71141
20100226,0,-96.915,37.80556
20100227,0,-87.86195,39.38235
20100228,1,-94.020288,29.920836
20100229,0,-98.9129,32.7478
20100230,0,-93.76306,47.32444
20100231,0,-99.42139,38.81386
20100232,0,-94.4001,30.1479
20100233,1,-92.7465,30.0795
20100234,0,-98.31356,38.34519
20100235,0,-94.06028,29.98219
20100236,0,-94.06028,29.98219
20100237,0,-94.868,32.47831
20100238,0,-92.254,30.11356
20100239,0,-82.5101,42.9015
20100240,1,-102.44337,33.41305
20100241,1,-74.738542,40.091758
20100242,0,-102.440189,31.434268
20100243,0,-96.748707,35.946697
20100244,0,-87.8884,42.9289
20100245,0,-97.47736,34.94418
20100246,1,-96.36906,33.54657
20100247,1,-103.17361,31.06576
20100248,0,-95.3198,28.9351
20100249,0,-94.056,29.975
20100250,0,-88.877277,37.644112
20100251,0,-94.01201,29.90801
20100252,1,-98.1,32.6075
20100253,0,-86.3342,39.8106
20100255,0,-94.3805,30.08533
20100256,0,-90.16677,30.54741
20100257,0,-89.52266,31.63251
20100258,1,-118.180656,33.811699
20100259,0,-149.8164,67.7987
20100260,0,-92.0612,46.6893
20100261,0,-95.1201,29.4305
20100262,1,-97.32797,28.05529
20100263,0,-90.85108,30.02609
20100264,0,-98.43935,33.91269
20100265,0,-97.01768,37.04441
20100266,0,-95.62383,30.43779
20100267,0,-100.7953,37.4175
20100268,0,-117.763553,34.058206
20100269,0,-118.163396,33.863186
20100270,0,-95.1642,29.4745
20100271,1,-94.90781,29.85635
20100272,0,-95.68005,29.1452
20100273,0,-97.51083,34.37306
20100274,0,-118.2347,33.7963
20100275,0,-92.61944,33.25417
20100276,0,-94.97929,29.85836
20100277,1,-94.057133,30.0113
20100278,0,-97.86774,33.31354
20100279,0,-97.49972,34.24278
20100280,0,-97.49972,34.24278
20100281,0,-87.82972,41.7678
20100282,0,-94.6759,31.1591
20100283,0,-98.496906,33.936233
20100284,0,-96.98528,29.19462
20100285,0,-97.84852,36.41936
20100287,1,-93.55077,30.06066
20100288,1,-97.88435,37.89533
20100289,0,-87.65444,32.97722
20100290,1,-93.35844,44.77328
20100291,1,-99.217775,37.742029
20100292,1,-98.06593,35.203837
20100293,0,-92.93861,46.93944
20100294,1,-95.5842,30.5572
20100295,0,-102.37033,31.427166
20100296,0,-82.48781,34.55261
20100297,0,-74.25333,40.57083
20100298,0,-90.084617,38.848525
20100299,1,-95.1332,42.5325
20100300,0,-102.959437,32.775943
20100301,0,-74.21709,40.58925
20100302,0,-102.448,33.407
20100303,0,-96.029061,36.1326083
20100304,0,-99.320819,37.414383
20100305,0,-102.4564661,31.8768505
20100306,0,-94.89759,29.84931
20100307,0,-83.25139,43.26707
20100308,1,-109.437,46.2199
20100309,0,-119.378251,35.119174
20100310,0,-100.01332,33.38649
20100311,1,-96.35925,33.45494
20100312,0,-92.13573,41.60865
20100313,0,-92.00372,41.51718
20100314,0,-119.742552,35.383359
20100315,1,-89.75185,38.94905
20100316,1,-94.76787,30.81167
20100317,1,-111.827358,40.766643
20110002,0,-77.03778,39.36139
20110003,0,-94.6025,39.13805
20110004,0,-74.23725,40.61145
20110005,0,-97.66619,38.34136
20110007,0,-96.879506,46.877218
20110008,1,-94.73,43.72835
20110009,1,-94.00565624,29.90087416
20110010,1,-90.589072,38.501817
20110011,0,-83.163,42.1514
20110012,1,-95.90781,36.93117
20110013,0,-93.93892,40.5566
20110014,1,-88.04958,41.63156
20110015,0,-81.87765,34.92544
20110016,0,-97.59588,40.55081
20110017,1,-102.0054,32.00836
20110018,0,-74.219917,40.606837
20110019,0,-94.939333,29.349
20110020,0,-95.156254,29.76713
20110021,1,-92.9503,30.4342
20110022,0,-94.052778,30.016667
20110023,0,-97.873056,33.573889
20110024,1,-97.819444,38.38166
20110025,1,-118.163889,33.863333
20110026,1,-95.10635,29.72034
20110027,1,-93.6389,43.05284
20110028,0,-77.42333,37.51111
20110029,0,-95.179264,29.717169
20110030,1,-88.0536,41.6136
20110031,1,-88.345016,41.410931
20110032,0,-104.91426,43.42656
20110033,0,-100.9402,35.4855
20110034,0,-75.20028,39.81694
20110035,0,-97.9228261,27.5529182
20110036,0,-95.1201,29.4305
20110037,0,-74.25333,40.57083
20110038,1,-148.6203,70.25666
20110039,0,-74.25835,40.60545
20110040,0,-90.85025,35.96788
20110041,0,-77.03778,39.36139
20110042,0,-99.89379,36.20138
20110043,0,-93.33639,30.16954
20110044,1,-98.097395,35.534236
20110045,1,-97.44047,34.76231
20110046,0,-87.88425,41.55455
20110047,1,-103.30167,35.85326
20110048,0,-96.44923,35.56572
20110049,0,-102.8589,32.4813
20110050,1,-89.3561,29.3753
20110051,1,-97.83324,27.68402
20110053,0,-74.210174,40.59348
20110054,0,-74.216209,40.59441
20110055,0,-90.3954,31.55556
20110056,1,-100.646116,30.2298122
20110057,1,-94.89837,29.85325
20110058,1,-87.4744,41.6424
20110059,1,-97.759315,36.892543
20110060,0,-110.3453,41.7731
20110061,1,-99.564306,39.191028
20110062,0,-94.3214,39.60887
20110063,0,-96.74833,35.9375
20110064,1,-88.87876,37.64416
20110065,0,-95.410833,29.885833
20110066,0,-93.30194,44.26055
20110067,0,-100.7953,37.4175
20110068,0,-100.842157,32.532127
20110069,1,-91.05339,32.87476
20110070,1,-90.8521,30.0016
20110071,0,-95.1201,29.4305
20110072,0,-95.121835,29.43573
20110073,0,-74.25384,40.52243
20110074,1,-75.3586,39.896
20110075,0,-86.0209,41.6671
20110076,1,-94.90535,29.84904
20110077,0,-97.55678,34.36098
20110078,1,-95.121835,29.43573
20110079,0,-94.6751,31.1611
20110080,1,-75.262507,39.897834
20110081,1,-96.7514,35.9303
20110082,1,-94.905557,29.848528
20110083,1,-118.25413,33.80933
20110084,0,-94.8388,32.483
20110085,1,-94.8693,32.5409
20110086,1,-97.10367,34.37332
20110087,0,-111.28258,47.55403
20110088,0,-95.15111,43.29194
20110089,0,-94.916009,29.854148
20110090,0,-96.44974,35.56033
20110092,0,-101.257672,48.24063
20110093,0,-100.83604,32.53048
20110094,1,-102.90678,32.75732
20110095,0,-104.13833,47.92555
20110096,0,-88.2085,30.7932
20110097,0,-104.81305,39.75888
20110098,0,-75.175452,39.822925
20110099,1,-74.209062,40.606466
20110101,0,-87.8361,41.7643
20110102,0,-90.16677,30.54741
20110103,0,-95.012183,29.7675
20110104,0,-96.27164,38.36098
20110105,1,-94.95689,29.4009
20110106,1,-94.07171,29.98722
20110107,0,-98.2215,33.97
20110108,0,-108.47889,45.79417
20110109,0,-94.093194,29.9115
20110110,1,-108.498916,44.815639
20110111,0,-78.23911,37.66168
20110112,1,-74.209978,40.593267
20110113,1,-96.74872,35.94595
20110114,0,-97.747128,36.221931
20110115,0,-83.123064,42.278472
20110116,1,-93.985233,30.3892333
20110117,0,-85.5012,38.1337
20110118,1,-72.90925,41.307
20110119,0,-80.93179,35.2858
20110120,1,-80.4181,40.62252
20110121,1,-92.709983,30.354517
20110122,0,-88.3192648,40.5161701
20110123,0,-89.079739,38.792059
20110124,0,-97.594715,40.550972
20110125,0,-96.75655,35.95885
20110126,1,-114.948008,42.73839
20110127,0,-97.572805,28.00917
20110128,0,-77.03759,39.36101
20110129,1,-96.0534,39.86822
20110130,1,-92.05972,46.68889
20110131,0,-102.19101,31.13244
20110132,0,-102.026175,32.017047
20110133,0,-96.3957,31.7765
20110134,0,-118.22177,33.78114
20110135,0,-104.14246,31.49797
20110136,0,-97.52251,46.41379
20110137,0,-85.50785,40.78155
20110138,1,-88.0121,44.5311
20110139,0,-97.49642,36.38298
20110140,1,-84.242059,42.514136
20110141,1,-88.124155,41.639016
20110142,0,-94.8804,32.34464
20110143,0,-95.191378,28.560826
20110144,1,-97.35301,39.080486
20110145,0,-97.428013,38.939028
20110146,0,-121.631436,39.193056
20110147,0,-96.37387,28.480925
20110148,0,-98.57896,38.09973
20110149,0,-93.35268,30.32637
20110150,0,-97.1422,28.3445
20110153,1,-97.40789,38.04121
20110154,0,-107.14709,42.5783333
20110155,1,-110.410612,41.184974
20110156,0,-97.95336,33.86329
20110157,0,-95.44006,31.50653
20110159,0,-91.57018,41.68148
20110160,0,-118.2036,33.5124
20110163,0,-118.0842,33.5352
20110165,1,-95.89245,37.027049
20110171,1,-97.9057,45.95307
20110172,1,-84.1146149,40.706216
20110176,1,-84.223042,39.482631
20110178,1,-82.49131,42.88895
20110180,1,-83.73375,41.04755
20110181,0,-97.0539,37.3612
20110182,0,-102.95071,32.77698
20110183,0,-89.17831,42.26259
20110185,0,-96.86533,32.06456
20110187,1,-102.95923,32.77597
20110188,0,-118.12135,33.4614
20110189,1,-97.360576,27.959521
20110191,1,-96.44739,35.22377
20110192,0,-74.25384,40.52243
20110196,0,-90.4901,41.684292
20110197,0,-96.17223,42.07471
20110201,0,-83.164865,42.272024
20110206,1,-96.748064,35.93964
20110208,1,-95.135,39.71864
20110209,0,-97.85245,38.08131
20110210,1,-97.847271,33.307077
20110212,0,-84.780139,34.751139
20110216,0,-89.10231,32.02879
20110217,1,-96.06167,30.77929
20110218,0,-96.804483,29.4388
20110219,1,-87.7665,41.4145
20110220,1,-90.998,27.943
20110223,0,-118.2347,33.7966
20110225,0,-97.53915,34.16078
20110230,0,-95.203333,29.726944
20110234,1,-118.0064056,33.6938
20110236,1,-95.260549,43.286542
20110237,0,-90.523835,29.781516
20110238,0,-78.4385,40.4101
20110241,0,-102.005505,32.004805
20110242,1,-84.12206,40.70825
20110243,1,-102.950783,32.777568
20110244,0,-93.464003,30.452391
20110245,0,-100.8309,32.5327
20110246,1,-96.52176,34.27734
20110247,0,-96.759374,35.953482
20110248,0,-118.12035,33.4604
20110249,0,-74.21207,40.59213
20110250,1,-103.1334,31.79133
20110251,1,-95.91459,40.74573
20110253,1,-96.914558,30.042343
20110255,0,-98.496967,33.936514
20110257,0,-98.462467,44.37956
20110258,0,-93.1679,32.9491
20110259,1,-94.02683,30.87167
20110262,1,-108.75724,45.655486
20110266,1,-95.701173,32.540604
20110268,0,-89.384553,29.238862
20110270,0,-95.1278,29.7182
20110272,1,-95.00712,38.28588
20110274,0,-96.75655,35.95885
20110275,0,-98.38255,35.87218
20110276,0,-97.70893,35.6376
20110279,0,-94.271735,29.878953
20110283,0,-95.121835,29.43573
20110286,0,-94.64583,30.11472
20110289,1,-98.39635,31.7767
20110292,0,-96.043891,42.053138
20110293,1,-96.302081,33.179721
20110295,1,-97.76397,27.72222
20110296,0,-96.74874,35.94607
20110298,0,-94.6751,31.1611
20110299,0,-97.747511,36.029589
20110300,1,-96.90093,37.78947
20110302,0,-84.69089,39.03543
20110303,1,-82.32001,27.97348
20110304,1,-102.1906,31.13193
20110305,0,-120.45062247,34.83433167
20110309,0,-97.40839,27.91036
20110310,0,-117.9154528,33.91765556
20110312,0,-97.95564,33.86357
20110314,0,-91.1703,30.5471
20110315,1,-95.61166,37.05253
20110317,1,-89.10162,32.02821
20110319,1,-118.252704,33.846624
20110321,0,-119.160719,35.296047
20110322,0,-97.595518,40.550801
20110323,1,-98.27639,33.83799
20110324,1,-118.29701,33.81583
20110325,0,-120.943522,39.120239
20110328,0,-88.12713,41.27461
20110329,1,-88.027889,41.645101
20110330,0,-97.51306,36.33746
20110331,1,-98.27806,33.83299
20110332,0,-98.58173,38.0934
20110333,0,-96.793611,28.804167
20110334,0,-96.793611,28.804167
20110335,1,-96.23684,42.00461
20110337,0,-94.561023,29.206868
20110339,0,-92.05972,46.68889
20110341,1,-89.34578,39.61412
20110344,0,-84.1265,40.6945
20110347,0,-91.411283,40.596305
20110349,0,-95.374444,29.887222
20110351,0,-88.319562,40.111093
20110352,0,-101.359211,35.684911
20110353,1,-121.558461,37.944408
20110355,1,-100.39243,36.9006
20110356,0,-93.52571,41.55804
20110358,1,-95.403144,29.084431
20110359,0,-118.99174,35.43959
20110361,0,-96.4719,32.06704
20110362,0,-94.9633,32.1147
20110363,1,-121.672381,37.795178
20110365,0,-95.61183,37.0525
20110366,0,-96.79188,43.54571
20110368,0,-74.219078,40.590422
20110369,0,-102.026495,32.01798
20110370,1,-88.77223,29.26536
20110371,1,-102.548583,32.303575
20110372,1,-95.1737,29.72703
20110374,1,-96.435533,30.034033
20110375,0,-98.856419,38.1019
20110376,0,-98.206945,37.355914
20110377,0,-74.215472,40.590142
20110378,0,-90.25945,29.70989
20110379,0,-98.74844135,33.4166975
20110380,1,-101.305851,32.251168
20110381,1,-93.986341,29.878864
20110382,0,-97.83095,38.38052
20110383,1,-95.121835,29.43573
20110384,1,-98.262922,34.133131
20110385,0,-97.479365,39.363277
20110386,1,-101.7825,31.362222
20110387,0,-122.55443,48.81835
20110388,1,-108.163483,43.860695
20110389,0,-96.75406,35.93198
20110390,1,-76.527127,42.957763
20110391,1,-76.665351,42.959503
20110392,0,-118.205749,33.756403
20110393,1,-101.752889,48.325724
20110394,1,-94.08086,32.55991
20110395,0,-106.210326,31.820486
20110396,0,-101.2876,36.8053
20110397,1,-92.05972,46.68889
20110398,0,-106.902904,44.665449
20110399,0,-96.726088,43.475465
20110401,1,-75.419055,39.862222
20110403,0,-87.8886,41.5569
20110404,1,-96.984823,29.193445
20110405,0,-96.02014,36.13715
20110406,0,-94.39892,30.14105
20110407,0,-93.95744,29.86809
20110408,1,-89.08396,38.78564
20110409,0,-118.31848,33.84735
20110410,1,-97.4636,35.7042
20110411,0,-82.48781,34.55261
20110412,1,-95.32997,38.98759
20110413,0,-96.759486,35.952194
20110414,0,-96.0317,36.13158
20110415,0,-97.1581,34.63366
20110416,0,-87.89138,41.93805
20110417,0,-94.8351,32.4819
20110418,0,-97.19946,31.12252
20110419,1,-87.45333,41.5078
20110420,0,-87.89138,41.93805
20110421,1,-102.617793,31.960602
20110422,0,-97.334269,33.970039
20110423,0,-84.40389,33.45542
20110424,0,-93.938061,29.970953
20110425,0,-94.935654,29.345464
20110426,0,-119.6575,35.3275
20110427,0,-97.953363,33.86345
20110428,0,-101.51128,35.02529
20110429,0,-101.40486,32.26812
20110431,0,-86.1359,39.9923
20110432,0,-96.71889,35.96143
20110433,1,-102.56548,31.89631
20110434,0,-74.22071,40.591656
20110435,1,-94.936904,29.34578
20110436,1,-121.948261,37.963297
20110437,0,-93.290375,30.239269
20110438,1,-89.7349367,41.60720541
20110439,1,-100.76886,32.599125
20110440,0,-95.41222,47.68889
20110441,1,-92.708299,30.355333
20110442,1,-99.193611,36.413056
20110443,1,-96.7502,35.94085
20110444,0,-74.222514,40.588225
20110445,1,-97.381096,25.964238
20110446,0,-97.075241,33.68092
20110447,1,-88.85166,39.711344
20110448,1,-102.777616,46.861678
20110449,1,-105.538019,44.021949
20110450,0,-99.87124,33.22053
20110451,1,-95.884289,29.724843
20110452,1,-87.569198,41.659288
20110453,0,-95.41222,47.68889
20110454,1,-93.35127,30.16485
20110455,0,-102.67191,31.85557
20110456,0,-93.526862,41.565497
20110457,1,-120.35680577,36.18992091
20110458,0,-95.121835,29.43573
20110459,0,-95.121835,29.43573
20110460,1,-95.28162,29.79428
20110461,1,-91.062652,30.055571
20120001,1,-85.82542,33.59872
20120002,0,-78.06611,36.06889
20120004,1,-91.919893,30.796962
20120005,0,-93.9853,29.9948
20120006,1,-103.650532,47.907607
20120007,1,-103.65985,47.673856
20120008,1,-95.72125,40.31277
20120009,1,-95.72125,40.31277
20120010,1,-96.137915,41.86305
20120011,1,-103.176847,32.080874
20120012,0,-96.4719,32.06704
20120013,0,-97.13418,32.29488
20120014,1,-97.757636,36.773902
20120015,0,-95.320507,28.93564
20120016,1,-81.8849,33.6809
20120018,1,-97.125787,36.632156
20120019,0,-92.08238,39.45627
20120020,0,-94.5058,30.2867
20120021,0,-96.873398,37.803255
20120022,0,-95.209372,29.750786
20120023,1,-103.46442,31.78341
20120024,1,-99.17953,39.10878
20120025,0,-99.80477,32.63239
20120026,0,-93.9928,29.893363
20120027,0,-98.837622,38.866606
20120028,0,-108.501412,44.817233
20120029,0,-90.838889,30.011111
20120030,0,-94.60418,39.12851
20120031,0,-104.38975,32.84745
20120032,0,-93.339919,30.158686
20120033,1,-100.54374,31.9587
20120034,1,-93.526816,41.56563
20120035,0,-96.623514,34.521102
20120036,0,-119.562467,35.2256
20120037,0,-94.6507,30.0889
20120038,0,-148.279,65.31111
20120039,0,-84.629335,33.857292
20120040,1,-82.48791,34.553462
20120041,1,-82.21559,41.17974
20120042,1,-74.22233,40.58888
20120043,1,-118.249779,33.802717
20120044,0,-89.08389,38.78778
20120045,0,-74.25384,40.52243
20120046,0,-118.2436849,34.0522342
20120047,0,-89.10231,32.02879
20120048,0,-108.75964879,45.65804642
20120049,1,-92.65195,33.20242
20120050,0,-79.5866,40.29213
20120051,1,-90.957761,44.642128
20120052,1,-94.601051,39.136219
20120053,1,-106.41171,42.854803
20120054,1,-87.8962,42.9517
20120055,1,-97.37467,31.15279
20120056,0,-94.90222,29.84722
20120057,0,-94.902222,29.847222
20120058,0,-102.89311,31.47285
20120060,0,-74.25051,40.57729
20120061,0,-96.75914,35.951559
20120062,0,-87.4667,41.6076
20120063,1,-84.126666,40.696043
20120064,0,-118.228,33.764
20120065,0,-94.84417,32.51846
20120066,1,-98.16142,34.94212
20120067,0,-94.05586,29.97501
20120068,0,-97.307172,37.761233
20120069,0,-90.865628,30.01612
20120070,1,-103.46442,31.78341
20120071,1,-93.19663,44.73486
20120072,1,-102.8112,32.3288
20120073,0,-88.63417,42.53889
20120074,0,-97.3751,32.1532
20120075,0,-95.99397,36.12128
20120076,0,-93.035311,44.759651
20120077,0,-92.99642,44.87601
20120078,0,-97.51851,27.83146
20120079,1,-84.108636,44.05727
20120080,1,-87.45333,41.50667
20120081,0,-87.51722,41.49806
20120082,1,-95.35229159,30.26630836
20120083,1,-93.268658,30.239319
20120084,0,-76.56328,39.27126
20120085,1,-98.515008,45.526048
20120086,0,-74.25384,40.52243
20120087,1,-106.81986,46.24913
20120088,1,-74.256013,40.523327
20120089,0,-74.219353,40.590763
20120090,0,-96.05833,41.36417
20120091,0,-94.007095,29.911676
20120092,0,-97.954067,33.864289
20120093,0,-97.4453,34.89185
20120094,0,-93.5722,29.95115
20120095,0,-100.82925,32.53242
20120096,0,-94.6502,30.0889
20120097,0,-96.147803,29.759006
20120098,1,-87.91791,41.49188
20120099,1,-89.5514,29.3736
20120100,0,-94.4015,29.787
20120101,0,-102.01776,32.01435
20120102,0,-85.440504,40.894805
20120103,0,-108.913889,45.010556
20120104,0,-95.22026,29.72941
20120105,0,-102.97538,33.007092
20120106,0,-91.4012,30.5187
20120107,0,-95.389444,45.894167
20120108,1,-88.27772,41.95138
20120109,0,-74.25384,40.52243
20120111,1,-89.952333,29.274667
20120112,1,-96.88095,37.800717
20120113,0,-96.3958,31.77654
20120114,1,-89.08415,38.79106
20120115,0,-104.759167,47.098889
20120116,0,-94.666629,47.378551
20120117,1,-95.4097,47.6895
20120118,1,-90.07891101,38.82204498
20120119,0,-90.08931,38.82855
20120120,1,-98.651289,33.795549
20120121,0,-94.05586,29.974993
20120122,0,-89.10162,32.02821
20120123,1,-94.469056,31.821442
20120124,1,-103.682297,41.148878
20120125,1,-97.395,27.8215
20120126,0,-122.390712,48.455641
20120127,0,-122.390712,48.455641
20120128,0,-96.45806,30.8568
20120129,1,-102.920159,32.862785
20120130,0,-102.02737,32.01426
20120131,0,-95.41222,47.68889
20120132,1,-92.04994,39.72708
20120133,0,-88.041942,41.658008
20120134,0,-102.82027,33.03138
20120135,0,-102.82777,33.03138
20120136,1,-74.25384,40.52243
20120139,0,-98.09101,35.34866
20120141,1,-96.758858,35.953247
20120142,1,-122.133742,38.066978
20120143,0,-94.3989,30.1408
20120144,0,-118.23844,33.80197
20120145,0,-90.861846,30.010536
20120146,0,-91.187577,30.492551
20120148,0,-96.74755,35.9382
20120149,0,-147.09653571,70.15120454
20120150,0,-93.19544,45.05919
20120151,0,-95.35065556,29.06023333
20120152,0,-88.340732,40.647936
20120153,0,-119.19115,35.04474
20120154,0,-96.90047,37.78977
20120155,0,-95.67591,29.145153
20120156,0,-97.51745,27.83125
20120157,0,-87.433952,41.62672
20120158,0,-93.5745,29.52107
20120159,1,-74.125619,40.352903
20120160,0,-97.948581,34.244372
20120161,0,-74.239999,40.608511
20120162,1,-120.444417,34.972892
20120163,0,-95.308771,29.419652
20120164,0,-84.69089,39.03543
20120165,1,-97.593745,32.40169
20120166,1,-91.457458,30.554483
20120167,0,-97.6930556,35.7688889
20120168,0,-88.204914,30.793919
20120169,0,-90.4013,30.0064
20120170,0,-91.32391233,38.35257318
20120171,0,-97.085468,37.579665
20120172,1,-100.24465,34.32044
20120173,0,-95.17964,29.71871
20120174,0,-108.49913,44.81602
20120175,1,-92.38284,39.5894
20120176,1,-84.132645,40.711686
20120177,0,-74.222514,40.588225
20120178,0,-96.91755,37.8048
20120179,0,-103.132559,31.790487
20120180,0,-101.40486,32.26812
20120181,1,-96.74162,35.92536
20120183,0,-91.83585,40.40966
20120184,0,-96.4767,32.0729
20120185,1,-103.295787,46.902916
20120186,0,-119.704,35.4672
20120187,0,-96.00824525,35.97916323
20120188,1,-87.97975,41.395652
20120189,0,-94.11098,43.93146
20120190,1,-74.125619,40.352903
20120191,0,-83.41999,33.99271
20120192,0,-102.438656,31.43275
20120193,0,-97.379338,35.737564
20120194,0,-96.754603,35.943731
20120195,0,-92.05972,46.68889
20120196,1,-102.07528,31.68154
20120197,0,-90.854975,30.008992
20120198,1,-95.129993,29.747769
20120199,1,-98.651289,33.795549
20120200,1,-95.243912,37.93455
20120201,1,-81.211906,41.286642
20120202,1,-96.72309,37.7958
20120203,0,-116.021774,35.276957
20120204,0,-103.13161,31.7918
20120205,0,-95.431631,28.949672
20120206,0,-95.432542,28.950953
20120207,0,-118.14477,34.00551
20120208,0,-96.861139,29.952222
20120209,0,-95.674314,29.145494
20120210,1,-97.147138,37.721901
20120211,0,-91.05218,32.87718
20120212,0,-102.23929,33.17535
20120213,0,-102.46611,39.08605
20120214,0,-97.3761111,34.1897222
20120215,1,-75.532567,40.514382
20120216,0,-94.8373,32.4813
20120217,1,-99.13711,34.84251
20120218,1,-96.51428,37.80389
20120219,0,-81.668922,41.435852
20120220,1,-98.792389,33.247889
20120221,0,-92.67267003,37.75877757
20120222,1,-94.076706,29.997663
20120223,0,-96.978674,28.809202
20120224,1,-122.129423,38.025394
20120225,0,-96.4767,32.0729
20120226,0,-96.27369,30.79796
20120227,0,-95.15331796,29.81987246
20120228,0,-96.28436,30.80147
20120229,0,-103.59627,33.05365
20120230,0,-96.75655,35.95885
20120231,1,-102.950633,32.779328
20120232,1,-75.53238,40.513554
20120233,1,-98.58163,38.09496
20120234,1,-93.0463,30.1571
20120235,0,-90.87166,30.90944
20120236,0,-74.19254,40.6246
20120237,1,-90.853719,30.15683
20120238,1,-88.130513,43.297089
20120239,0,-107.9802778,41.6872222
20120240,1,-94.0054,29.8964
20120241,0,-97.37093,37.81841
20120242,1,-74.25384,40.52243
20120243,0,-93.5739,29.51419
20120244,0,-95.14887905,46.81973992
20120245,1,-95.31151,28.9598
20120246,0,-94.05633,29.97504
20120247,0,-77.399801,38.834923
20120248,1,-89.638236,43.895611
20120249,1,-102.98994,31.19309
20120250,0,-94.4076,30.1457
20120251,0,-92.03609,46.41428
20120252,0,-96.7380556,35.9361111
20120253,0,-88.04631,32.78111
20120254,0,-89.63841,37.070361
20120255,0,-94.60709,39.12889
20120256,0,-84.62949,33.85596
20120257,0,-95.1101,29.3786
20120258,0,-90.1919,29.1049
20120259,0,-97.198572,27.826919
20120260,1,-88.495556,39.060075
20120261,0,-97.432256,36.17115
20120262,0,-94.43055,30.16414
20120263,1,-94.008985,29.911491
20120264,0,-103.1375,32.655
20120265,1,-94.24222,29.955034
20120266,0,-116.98,44.069
20120267,0,-94.50289,32.28877
20120268,0,-75.25948,39.8955
20120269,0,-96.813234,37.495186
20120270,1,-94.982056,29.764311
20120271,0,-106.4083333,43.8516667
20120272,1,-82.1983333,27.8608333
20120273,1,-90.087322,38.851604
20120274,0,-106.4083333,43.8516667
20120275,1,-87.82598113,41.68140797
20120276,0,-94.05681,29.97583
20120277,0,-119.064098,35.059321
20120278,1,-93.90276,42.94222
20120279,1,-94.60402,42.72143
20120280,0,-74.2498,40.57704
20120281,1,-89.4441666,29.485
20120282,0,-83.141045,42.282925
20120283,0,-110.061642,46.49535
20120284,1,-101.2216288,32.1057904
20120285,0,-99.1263,37.6159
20120286,1,-102.02951,32.01493
20120287,0,-119.3388889,35.1544444
20120288,0,-90.9009944,30.1150416
20120289,0,-74.221761,40.608277
20120290,1,-95.432381,28.949889
20120291,0,-91.1357,30.056
20120292,0,-74.25384,40.52243
20120293,1,-74.25384,40.52243
20120294,1,-94.935183,29.34525
20120295,1,-94.405099,30.145154
20120296,0,-95.28034,29.79449
20120297,0,-98.72257,33.33278
20120298,0,-100.8309,32.5327
20120299,0,-119.6614872,35.3599366
20120300,0,-102.18757,31.13575
20120301,0,-118.42132,33.90593
20120302,0,-100.83054,32.532
20120303,0,-118.233913,33.8000022
20120304,0,-96.40047,31.77393
20120305,0,-103.17565,31.76885
20120306,0,-87.466475,41.609953
20120307,0,-102.138981,32.089083
20120308,0,-94.527,30.6688
20120309,0,-94.939136,29.348547
20120310,1,-118.22369,33.86206
20120311,1,-85.33488,35.05097
20120312,0,-87.900338,39.323679
20120313,0,-96.74697,35.94109
20120315,0,-77.400392,38.835046
20120316,0,-104.509592,40.136819
20120317,1,-90.592643,29.726669
20120318,0,-89.25292,29.96887
20120319,1,-96.747821,35.939625
20120320,0,-118.232432,33.84494
20120321,0,-88.31929,40.51608
20120322,0,-110.759,40.401
20120323,0,-90.856111,30.006667
20120324,1,-89.99,29.422222
20120325,1,-94.405099,30.145154
20120326,0,-121.587,37.817
20120327,0,-118.246558,33.841119
20120328,1,-104.694064,42.222753
20120329,1,-98.122177,33.138683
20120330,0,-96.764824,35.944728
20120331,0,-117.884167,33.956
20120332,0,-95.39047,45.89504
20120333,0,-96.191081,38.12745
20120334,0,-117.669642,47.634874
20120335,0,-74.25384,40.52243
20120336,0,-91.62582,32.23587
20120337,0,-87.892427,41.644119
20120338,0,-103.17604,32.08014
20120339,1,-97.81663,28.60758
20120340,1,-92.069167,28.618056
20120341,0,-96.74979,35.94805
20120342,0,-116.021774,35.276957
20120343,1,-104.564875,42.11445
20120344,0,-74.208518,40.608272
20120345,1,-93.887925,29.951987
20120346,0,-104.759017,47.0988
20120347,0,-91.570103,41.684108
20120348,1,-90.81978672,41.73889472
20120349,1,-94.9731575,36.64234919
20120350,0,-94.50634,30.28649
20120351,0,-104.686441,42.225925
20120352,0,-98.11987,29.11242
20120353,1,-96.86338,32.06432
20120354,1,-118.313486,33.902032
20120355,0,-93.030086,30.160197
20120356,0,-90.871663,30.909265
20120357,0,-96.89285,33.767016
20120358,1,-101.25444,48.24275
20120359,1,-93.04560277,30.15735228
20120360,1,-95.17971,29.71816
20120361,0,-94.0563685,29.9771376
20120362,0,-96.7569,36.0191
20120363,0,-107.625,43.2930556
20120364,1,-91.5701,41.68411
20120365,0,-102.01582,31.01183
20120366,0,-94.62234,39.15386
20120367,0,-97.54401,34.20969
20120368,0,-74.2222,40.6084
20120369,1,-87.88528,41.55556
20120370,1,-93.95767,29.87283
20120371,0,-90.178975,38.585632
20120372,1,-119.063134,35.019374
20120373,1,-95.49514204,30.84377614
20120374,1,-97.549726,40.621988
20120375,1,-101.255144,32.113857
20130001,1,-97.759029,28.894955
20130002,0,-95.059155,29.718947
20130003,0,-95.880858,29.712258
20130004,1,-74.642893,40.505602
20130005,0,-97.676694,38.338614
20130006,0,-75.4222,39.8458
20130007,1,-96.30796,35.59243
20130008,0,-78.2375,37.66279
20130009,0,-97.95413,33.86379
20130010,0,-77.63277,37.44967
20130011,1,-96.4566,40.97604
20130012,0,-91.05339,32.87476
20130013,0,-91.202633,30.479042
20130014,1,-83.4048,42.2748
20130015,1,-96.18822,37.05446
20130016,0,-89.82917,40.3375
20130017,0,-102.926272,48.284494
20130018,1,-96.38146,33.59202
20130019,0,-82.605496,38.377992
20130020,0,-108.4989,44.815919
20130021,1,-90.845,32.833
20130022,1,-103.300039,32.874247
20130023,0,-93.820278,30.066112
20130024,0,-100.08678,33.87367
20130025,0,-119.3917,35.097214
20130026,0,-121.522658,38.569474
20130027,1,-83.22664,42.131311
20130028,0,-90.16677,30.54741
20130029,1,-101.854915,37.045196
20130030,1,-76.0431,40.3196
20130031,0,-92.54888,32.70298
20130032,0,-94.40307,30.94062
20130033,1,-79.93915,36.07076
20130034,0,-85.13932,33.698451
20130035,0,-86.28629,33.42163
20130036,0,-92.999245,45.143056
20130037,0,-87.40189,31.41808
20130038,0,-93.820278,30.066112
20130039,1,-95.576738,37.061114
20130040,1,-93.62581,41.41355
20130041,0,-96.185508,31.531786
20130042,1,-96.74874,35.94607
20130043,0,-84.953281,40.513477
20130044,0,-91.05339,32.87476
20130045,0,-77.19229,38.73302
20130046,1,-101.354167,35.726944
20130047,0,-96.747808,35.940158
20130048,0,-95.68922,38.91689
20130049,1,-99.6332,38.7919
20130050,0,-108.852723,45.479889
20130051,0,-102.26934,33.24455
20130052,0,-104.061182,32.813
20130053,0,-95.282365,29.792012
20130054,0,-95.3928,45.89341
20130055,0,-85.84991,38.205021
20130056,0,-94.83778,32.48128
20130057,0,-97.947953,34.245072
20130058,0,-87.94348,36.03403
20130059,1,-98.71181,32.54948
20130060,0,-94.08965,42.87907
20130061,0,-98.58167,38.09347
20130062,0,-97.944108,34.07083
20130063,1,-99.30399,48.27904
20130064,1,-74.25384,40.52243
20130065,1,-94.06856,30.03188
20130066,0,-74.213579,40.585479
20130067,0,-99.1262,37.6159
20130068,1,-116.249,43.6067
20130069,0,-83.83167,42.06139
20130070,0,-96.75655,35.95885
20130071,1,-88.385636,38.923554
20130072,0,-100.93178,32.86057
20130073,1,-98.84219,32.70141
20130074,0,-95.1625,29.708617
20130075,0,-102.580805,31.931914
20130076,1,-94.9438,29.8279
20130077,0,-96.445621,33.83017
20130078,0,-94.06,29.9807
20130079,0,-97.632707,40.002304
20130080,0,-94.973972,45.722409
20130081,0,-94.0067,29.9121
20130082,0,-107.98,41.6877778
20130083,1,-74.25384,40.52243
20130084,1,-89.24499,31.96551
20130085,0,-94.54854,30.92773
20130086,1,-94.55099,30.92696
20130087,1,-98.7191,32.56273
20130088,0,-74.213579,40.585479
20130089,1,-95.245072,29.461595
20130090,1,-98.7683,32.61094
20130091,1,-95.03284979,29.69373658
20130092,1,-95.05727158,29.62333683
20130094,0,-94.65934,39.17837
20130095,0,-94.4014,30.1458
20130096,0,-94.069686,30.049461
20130097,1,-97.08663,37.84552
20130098,1,-93.783194,37.188347
20130099,1,-85.110422,40.395534
20130100,0,-84.629237,33.855711
20130101,1,-95.012758,29.763813
20130102,0,-87.445686,41.510158
20130103,1,-105.576613,44.460839
20130104,0,-87.5885,39.544
20130105,1,-94.93121,29.37889
20130106,0,-93.95632,29.8538
20130107,0,-89.967529,29.253809
20130108,1,-95.107733,29.52032
20130109,1,-96.74691,35.94072
20130110,0,-74.213579,40.585479
20130111,1,-89.928927,30.087494
20130112,0,-102.137422,32.088227
20130113,0,-101.541111,35.285
20130114,1,-94.53129,30.93182
20130115,1,-97.62086,35.84613
20130116,1,-118.16312222,33.863481
20130117,1,-94.0637716,29.9877906
20130118,0,-92.88889,30.10556
20130119,0,-98.31176,38.34024
20130120,0,-102.87641,41.322508
20130121,1,-88.574787,32.532145
20130122,0,-96.02489,36.13137
20130123,1,-96.74944,35.95778
20130124,0,-94.07014,30.05006
20130125,1,-97.0456,32.5343
20130126,1,-90.1741,29.633617
20130127,0,-94.5044,30.02767
20130128,0,-95.1625,29.708617
20130129,0,-97.0122,37.9702
20130130,1,-93.1468,33.24043
20130131,0,-102.012028,32.02363
20130132,1,-91.03874,30.2304266
20130133,0,-119.391572,35.097314
20130134,1,-96.47409,32.0711
20130135,0,-93.35381,43.1407
20130136,1,-112.052591,41.419421
20130137,1,-87.46149,41.640835
20130138,0,-96.323668,32.772073
20130139,0,-102.17472,31.784903
20130140,0,-93.95604,29.87727
20130141,0,-86.22466,37.46699
20130142,0,-94.698972,29.926686
20130143,1,-83.551501,41.752979
20130144,1,-97.9906,28.8239
20130145,0,-82.397732,41.255807
20130146,0,-91.768142,31.525701
20130147,0,-102.19186,31.13665
20130148,0,-91.28181,30.71263
20130149,1,-95.2219583,29.716111
20130150,0,-83.551501,41.752979
20130151,1,-92.42859,34.96406
20130152,1,-95.412879,47.685115
20130153,1,-87.897211,39.328029
20130154,0,-96.47409,32.0711
20130155,0,-95.15331796,29.81987246
20130156,1,-95.612086,37.052548
20130157,1,-95.228165,29.706587
20130158,0,-74.21935,40.59063
20130159,0,-118.271949,33.736385
20130160,0,-74.25384,40.52243
20130161,0,-72.8999,41.2885
20130162,1,-94.22335,38.58556
20130163,1,-89.086496,39.816597
20130164,1,-97.83127,38.38154
20130165,0,-86.80266,33.28411
20130166,1,-99.18709,28.54022
20130167,0,-84.131779,40.711466
20130168,0,-93.3292,30.18348
20130169,1,-95.13058,29.74772
20130170,0,-74.21935,40.59063
20130171,0,-97.20423,36.54755
20130172,0,-103.56208,31.52811
20130173,0,-96.75159,35.94336
20130174,0,-96.47409,32.0711
20130175,0,-98.638556,33.826786
20130176,1,-96.43556,48.21111
20130177,0,-89.493926,39.22226
20130178,0,-75.535209,40.519728
20130179,1,-90.07891101,38.82204498
20130180,0,-120.3564278,36.18977222
20130181,0,-102.0054,32.00836
20130182,0,-82.167048,41.274678
20130183,0,-94.22141,32.61009
20130184,0,-82.47944,34.55306
20130185,0,-86.82914,36.18085
20130186,0,-97.492924,34.23884
20130187,1,-99.614158,48.323422
20130188,1,-97.21214672,47.882222
20130189,1,-90.87867,36.57243
20130190,1,-96.02083,47.90556
20130191,1,-91.189346,42.183809
20130192,0,-95.1625,29.708617
20130193,0,-95.63705,36.135178
20130194,0,-90.477517,38.869483
20130195,0,-76.03375,40.31491
20130196,0,-95.179006,43.080915
20130197,1,-91.001564,29.82961
20130198,1,-86.226389,39.853611
20130199,0,-96.3957,31.7768
20130200,1,-89.44549,38.95973
20130201,0,-95.012757,29.763824
20130202,0,-95.43176,28.95081
20130203,0,-97.2963,32.9392
20130204,0,-102.4290155,33.5890316
20130205,1,-90.26972,29.44778
20130206,0,-83.45348,41.67288
20130207,1,-94.26191,29.90949
20130208,1,-96.75655,35.95885
20130209,1,-89.28764,29.31589
20130210,0,-96.24902,41.90877
20130211,0,-90.8547222,30.0038889
20130212,0,-99.28394,34.31371
20130213,0,-94.93573,29.34551
20130214,0,-75.4177,39.8411
20130215,0,-104.67988,39.74636
20130216,0,-86.246533,39.915961
20130217,1,-85.862736,40.291729
20130218,0,-98.90449,34.092292
20130219,0,-95.23189,29.73069
20130220,0,-74.25384,40.52243
20130221,0,-74.25384,40.52243
20130222,0,-96.45009,36.01167
20130223,0,-96.4543,46.6178
20130224,0,-98.141111,28.920722
20130225,0,-96.621621,29.473497
20130226,0,-98.31168,38.34021
20130227,0,-93.459573,39.36863
20130228,0,-97.9921,28.41922
20130229,1,-104.388373,43.992624
20130230,1,-100.293152,36.947219
20130231,0,-110.077696,40.16005
20130232,0,-88.64449,40.94267
20130233,0,-102.01648,32.02064
20130234,0,-98.63609,32.49781
20130235,0,-95.17334,30.83705
20130236,0,-93.52615,41.55849
20130237,1,-97.09409,28.61171
20130238,0,-84.77444,45.78611
20130239,0,-84.62397,33.85602
20130240,0,-81.347693,40.676504
20130241,0,-104.39,32.848
20130242,0,-119.064372,35.063508
20130243,0,-94.05578,29.97523
20130244,0,-83.233783,34.093675
20130245,1,-103.18311,35.96576
20130246,1,-102.22691,31.93856
20130247,0,-74.25384,40.52243
20130248,0,-74.25384,40.52243
20130249,0,-76.125691,39.673538
20130250,0,-99.71718,32.38719
20130251,1,-90.16212,29.10788
20130252,0,-98.440369,33.914572
20130253,0,-149.8164,67.7987
20130254,1,-97.9533,33.863
20130255,1,-88.3412,32.3036
20130256,0,-94.0594,30.0095
20130257,1,-96.7549,36.01663
20130258,1,-94.36011,42.80667
20130259,1,-94.40176,42.79375
20130260,0,-97.67782,38.3362
20130261,0,-89.481844,37.226483
20130262,0,-119.650239,35.32395
20130263,1,-107.701801,45.250322
20130264,0,-94.93971,29.36555
20130265,0,-79.93686505,36.07123064
20130266,1,-91.563535,30.155076
20130267,1,-99.571389,28.3563889
20130268,0,-83.44724,41.61955
20130269,1,-103.56694,47.7826
20130270,0,-97.800378,28.605919
20130271,1,-94.00565624,29.90087416
20130272,1,-74.25384,40.52243
20130273,0,-96.91695,37.80249
20130274,1,-99.631503,48.331143
20130275,1,-100.119192,48.365352
20130276,1,-80.56138,39.70808
20130277,0,-98.437029,33.914949
20130278,0,-98.789953,28.63112
20130279,0,-94.81861,38.19639
20130280,0,-93.76306,47.32444
20130281,1,-98.1214,33.139747
20130282,1,-97.49499,29.04464
20130283,1,-79.93686505,36.07123064
20130284,1,-95.35215,29.04718
20130285,0,-105.224281,34.421537
20130286,1,-106.7119444,42.9916667
20130287,0,-101.46052,32.10503
20130288,1,-96.492211,45.883706
20130289,1,-96.052414,36.927591
20130290,0,-119.68993,35.431862
20130291,0,-85.851089,39.025586
20130292,0,-96.74449,35.94754
20130293,0,-103.2997222,32.7261111
20130294,0,-94.624817,43.78507
20130295,1,-87.44906,41.51616
20130296,1,-74.25384,40.52243
20130297,0,-93.997047,45.698036
20130298,0,-75.9956,42.1043
20130299,0,-75.41714,39.85162
20130300,0,-83.45352,41.67284
20130301,0,-74.23907,40.605222
20130302,0,-94.79471,30.02448
20130303,0,-102.881185,48.012617
20130304,1,-122.056224,38.003663
20130305,1,-93.5581,30.060572
20130306,1,-96.38565,36.346272
20130307,1,-90.098627,41.697667
20130308,0,-74.24819,40.57741
20130309,1,-94.831033,32.483217
20130310,0,-74.25384,40.52243
20130311,0,-89.104467,39.789126
20130312,0,-97.87389,30.20382
20130313,1,-103.647714,47.934931
20130314,1,-118.229308,33.806255
20130315,1,-118.370221,33.949629
20130316,0,-99.75808,32.39482
20130317,0,-106.2038889,41.8458333
20130318,0,-96.850184,29.950028
20130319,1,-96.88026,37.79193
20130320,1,-94.159355,42.854755
20130321,0,-96.91462,30.04236
20130322,1,-82.4943,42.8842
20130323,1,-95.237834,29.705972
20130324,0,-86.41016,40.04027
20130325,0,-95.611575,37.052386
20130326,0,-86.41016,40.04027
20130327,0,-95.23416,29.70639
20130328,1,-87.8981323,39.3271159
20130329,0,-100.841964,32.531983
20130330,0,-93.326669,40.203611
20130331,0,-97.79908,34.874565
20130332,1,-98.160559,28.488488
20130333,1,-78.3075,35.55167
20130334,1,-96.0775,29.146389
20130335,0,-77.51333,40.351944
20130336,1,-105.337417,32.359487
20130337,0,-74.2117528,40.6082833
20130338,1,-101.046424,36.086068
20130339,0,-97.75689,36.77414
20130340,1,-93.9091,43.58698
20130341,0,-94.33013,42.81144
20130342,1,-97.38027,39.02942
20130343,1,-95.217226,29.716471
20130345,1,-75.532336,40.519942
20130346,0,-95.22212,29.72979
20130347,0,-97.4765,31.215
20130348,0,-85.15468796,44.78880643
20130349,0,-95.42361,37.79167
20130350,1,-101.890833,35.265278
20130351,0,-102.24834,31.655975
20130353,1,-102.856912,48.524251
20130354,0,-95.49514204,30.84377614
20130355,1,-95.430748,28.949448
20130356,0,-102.01767,32.02343
20130357,0,-118.2166667,33.8630556
20130358,0,-96.748525,35.936195
20130359,1,-95.38024,32.28981
20130360,0,-89.58269,31.97435
20130361,0,-119.654007,35.3496
20130362,1,-94.892908,29.854022
20130363,1,-117.838615,33.86657
20130364,1,-118.208889,33.769722
20130366,1,-77.74824,43.0456
20130367,0,-96.20079871,33.03568558
20130368,1,-95.17842,29.717115
20130369,0,-103.960134,32.782062
20130370,0,-103.1764,31.76976
20130371,0,-93.955483,29.89936
20130372,0,-99.2227778,28.5088889
20130373,1,-99.65356,32.36876
20130374,0,-97.45631,36.4302
20130375,1,-119.298397,34.314349
20130376,1,-97.755756,36.775556
20130377,0,-89.17722989,39.70736769
20130378,0,-96.74784,35.94066
20130379,1,-102.373875,48.304045
20130380,1,-101.752403,48.325686
20130381,1,-93.12757,41.61566
20130382,1,-97.1231789,29.92317489
20130383,1,-74.21558,40.588583
20130384,0,-92.63136292,33.26013184
20130385,0,-95.18024582,29.81987246
20130386,0,-94.604717,30.13945
20130387,0,-74.25384,40.52243
20130388,1,-96.06001,33.22973
20130389,0,-92.06,46.69
20130390,0,-105.240693,42.917984
20130391,1,-97.19300732,36.67346274
20130392,0,-97.243049,35.317952
20130393,0,-104.939441,39.395483
20130394,0,-94.67588,31.15903
20130395,0,-97.59628,35.69559
20130396,1,-96.94382,32.108042
20130397,0,-90.905417,32.842833
20130398,1,-98.638347,33.828281
20130399,1,-86.409788,40.039849
20130400,0,-101.75231,38.83618
20130401,0,-97.5136,34.2391
20130402,0,-103.178079,32.079424
20130403,1,-89.34615,29.36586
20130404,0,-97.518106,27.831131
20130405,1,-100.6198,36.7889
20130406,0,-97.531604,27.839803
20130407,0,-103.14003,32.650565
20130408,0,-108.800237,36.905274
20130409,0,-94.40137,29.787397
20130410,0,-89.07362,38.79205
20130411,1,-89.06510432,38.7893921
20140001,1,-99.98155,37.12022
20140002,0,-96.7465,35.9863
20140003,0,-109.9803,41.5652
20140004,1,-97.247747,35.597478
20140005,1,-96.19278,33.31601
20140006,1,-99.566148,38.814911
20140007,1,-97.161522,36.649239
20140008,1,-99.652257,39.277928
20140009,1,-95.20624,29.75023
20140010,0,-107.062,36.4309
20140011,1,-76.60618,40.80216
20140012,0,-91.16789167,30.54601111
20140013,0,-75.531339,40.519999
20140014,0,-89.54218,31.62733
20140015,1,-97.418438,34.394601
20140016,0,-96.74944,35.95778
20140017,0,-84.69,39.03517
20140018,1,-90.089749,38.829252
20140019,1,-103.1392,32.650552
20140020,0,-94.40137,29.787397
20140021,0,-74.239568,40.609013
20140022,1,-119.807777,35.5291888
20140023,0,-89.3959391,29.22007944
20140024,1,-97.59352,35.69179
20140025,0,-94.895471,29.85731
20140026,0,-95.28087,29.75023
20140027,0,-97.5925,35.6905
20140028,1,-95.01403,29.68112
20140029,0,-79.93915,36.07076
20140030,1,-87.88556,41.55694
20140031,1,-97.676782,38.339543
20140032,1,-82.23533,34.70203
20140033,0,-97.674046,38.344339
20140034,0,-102.87641,41.322508
20140035,0,-97.47972,39.36293
20140036,0,-102.602889,31.948696
20140037,0,-109.393141,41.529826
20140038,1,-117.15622,32.70276
20140039,0,-95.131758,29.750895
20140040,0,-97.757054,37.357891
20140041,0,-96.843305,37.321081
20140042,0,-84.126687,40.697527
20140043,0,-96.01389,35.96984
20140044,0,-91.16217,30.54774
20140045,0,-93.04914,44.77084
20140046,0,-97.669735,38.341141
20140047,0,-97.674046,38.344339
20140048,1,-118.255721,33.800211
20140049,0,-74.25384,40.52243
20140050,0,-94.84779,32.50059
20140051,1,-84.1620056,39.7859444
20140052,0,-95.430748,28.949448
20140053,0,-93.76389,47.32556
20140054,0,-87.466047,41.609732
20140055,1,-97.87105,33.56399
20140056,0,-98.20689,37.35595
20140057,0,-96.5122222,35.8377778
20140058,0,-102.56563622,32.89621
20140059,0,-74.239141,40.609319
20140060,1,-94.10641,32.04704
20140061,0,-108.1301,36.48798
20140062,0,-102.33304,31.81845
20140064,0,-75.530339,40.519254
20140065,0,-98.58121,34.206615
20140066,0,-89.552288,29.374592
20140067,1,-76.461278,37.205338
20140068,0,-90.87143,30.90931
20140070,0,-87.443384,41.626855
20140071,1,-100.94666,32.76118
20140072,1,-87.4512,41.51487
20140073,1,-105.8525,43.114444
20140075,0,-102.79009,32.9942
20140076,0,-87.468926,41.612919
20140077,0,-111.293911,47.524128
20140078,1,-94.7452,38.88144
20140079,1,-93.7767,30.75774
20140080,1,-95.154632,29.819151
20140081,0,-83.49045,43.3117
20140082,0,-104.4352667,40.47829444
20140083,0,-91.282986,30.711259
20140084,1,-98.51248,36.6093
20140085,1,-91.408465,41.616693
20140086,0,-87.43874523,41.60766736
20140087,0,-89.958939,38.863322
20140088,0,-91.28333,30.71051
20140089,0,-88.878198,37.643839
20140090,1,-81.761444,41.421858
20140091,0,-90.298736,38.501433
20140092,0,-89.084633,38.776587
20140093,1,-103.62392,47.96935
20140094,0,-95.48887,32.83256
20140095,0,-100.8358,32.5374
20140096,0,-88.6345,42.53934
20140097,0,-92.640564,33.251978
20140098,0,-89.332383,31.788398
20140099,0,-84.12206,40.70825
20140100,0,-101.890833,35.265278
20140101,0,-96.71795726,35.93784934
20140102,0,-94.870959,32.519797
20140103,0,-103.81461,31.8063
20140104,1,-103.97761,47.78822
20140105,0,-94.84004,32.48252
20140106,0,-96.75135,36.00758
20140107,1,-87.45194,41.52278
20140108,0,-94.63106,30.1291
20140109,0,-83.601248,41.806608
20140110,1,-118.441362,34.044058
20140111,0,-100.83563,32.53024
20140112,0,-97.28468,34.55747
20140113,0,-86.225891,37.462217
20140114,0,-97.37179,34.55773
20140115,1,-94.81077,32.44166
20140116,1,-95.724109,30.383529
20140117,1,-119.80777,35.5291888
20140118,0,-96.7594,35.950352
20140119,0,-110.7567,47.30177
20140120,0,-96.47409,32.0711
20140121,0,-102.55676,31.78542
20140122,0,-97.676786,38.339275
20140123,0,-93.35353,43.14017
20140124,0,-88.173136,30.390281
20140125,1,-96.750877,35.945288
20140126,1,-118.269456,33.787864
20140127,1,-84.127323,40.697102
20140128,0,-87.452478,41.507105
20140129,0,-87.006836,41.311708
20140130,1,-93.942296,29.97101
20140131,0,-103.1811111,32.081667
20140132,0,-96.74797,35.94603
20140133,0,-103.778247,48.112149
20140134,0,-83.9178,33.97676
20140135,0,-104.791108,41.126883
20140136,0,-98.2225,28.4622222
20140137,0,-96.467214,32.072932
20140138,0,-87.440797,41.626461
20140139,1,-84.6554,43.016283
20140140,1,-87.902235,41.14364
20140141,1,-98.02141,37.8681
20140142,0,-102.91027,48.39696
20140143,0,-94.00983,29.91156
20140144,1,-103.563575,47.921839
20140145,0,-98.496891,33.936574
20140146,0,-97.52718,27.83668
20140147,0,-85.778931,33.616375
20140148,1,-101.0593,32.61263
20140149,0,-103.3011341,32.874236
20140150,0,-98.43757,33.91486
20140151,1,-101.20851,48.720364
20140152,1,-84.685909,39.252793
20140153,0,-104.35466,31.50897
20140154,0,-87.94387,36.03385
20140155,1,-84.9190558,33.7161833
20140156,0,-97.28714,34.216537
20140157,0,-90.188644,38.581933
20140158,0,-89.523521,31.636831
20140159,0,-81.3385,41.05384
20140160,0,-96.47357,32.07175
20140161,1,-94.2833333,29.935
20140162,0,-103.484322,37.972548
20140163,1,-94.71869,32.47599
20140164,0,-97.79842,34.87656
20140165,0,-89.68333,43.95222
20140166,0,-96.628799,28.91382
20140167,0,-87.951209,42.024045
20140168,0,-94.935183,29.34525
20140169,0,-104.714812,45.152093
20140170,1,-97.83677,38.34044
20140171,0,-81.369965,28.422635
20140172,0,-78.239171,37.66399
20140173,0,-87.94387,36.03385
20140174,0,-98.8071,31.6256
20140175,1,-97.24686,36.77616
20140176,0,-76.93538,42.870358
20140177,1,-89.514842,29.466936
20140178,1,-92.999245,45.143056
20140179,0,-91.27589,30.71133
20140180,0,-93.62086,41.41579
20140181,0,-101.856855,32.07254
20140182,0,-96.71795726,35.93784934
20140183,0,-102.21213,31.718902
20140184,0,-83.485937,41.621205
20140185,1,-95.65,29.4313
20140186,1,-79.117514,41.831164
20140187,1,-103.178983,32.080668
20140188,0,-94.8305,32.4836
20140189,0,-94.0055528,29.9006722
20140190,0,-93.76389,47.32556
20140191,1,-104.53896522,31.85330114
20140192,0,-99.641,28.37
20140193,1,-94.056361,30.010811
20140194,0,-95.179389,29.717371
20140195,0,-93.339358,30.170532
20140196,0,-96.15759,35.7391
20140197,1,-92.01656,40.36474
20140198,0,-98.6362,32.4982
20140199,1,-98.41103,35.86561
20140200,1,-102.21213,31.718902
20140201,0,-91.28204,30.71133
20140202,1,-92.93675,32.97035
20140203,0,-94.935183,29.34525
20140204,0,-95.17331,30.83709
20140205,1,-90.183432,38.680985
20140206,0,-104.7907,41.1274
20140207,0,-87.4667,41.6076
20140208,0,-90.8409226,30.0250818
20140209,1,-98.30137,36.58261
20140210,0,-104.7907,41.1274
20140211,0,-94.064083,30.0751806
20140212,1,-74.25384,40.52243
20140213,0,-97.44754,35.46577
20140214,0,-74.25384,40.52243
20140215,0,-102.012028,32.02363
20140216,1,-102.2931,31.1158
20140217,0,-102.01641,32.019351
20140218,1,-102.01169,32.02363
20140219,0,-99.80891,39.369394
20140220,0,-102.617915,32.960694
20140221,1,-95.1986,29.71927
20140222,0,-101.019901,32.794161
20140223,1,-92.250136,28.260372
20140224,1,-102.71984,32.75619
20140225,1,-92.11387,40.29832
20140226,1,-82.60639,34.481971
20140227,0,-96.20079871,33.03568558
20140228,0,-90.8609222,30.0058083
20140229,0,-88.903921,31.819742
20140230,0,-120.014772,34.478859
20140231,1,-118.272341,34.146191
20140232,0,-94.9731575,36.64234919
20140233,0,-91.21973,30.47832
20140234,1,-94.149808,29.906433
20140235,0,-94.60294,39.13839
20140237,0,-98.14535,31.4396
20140238,1,-87.073657,37.7766173
20140239,0,-87.073657,37.7766173
20140240,0,-95.01269,29.76673
20140241,0,-107.98125,41.686997
20140242,1,-90.857704,30.01177
20140243,1,-118.227056,33.806917
20140244,1,-119.42238,35.28036
20140245,1,-79.93915,36.07076
20140246,1,-102.026822,32.017924
20140247,1,-102.07291,31.968284
20140248,0,-92.45555,34.94194
20140249,0,-90.4014277,30.0065888
20140250,0,-119.0425888,35.444988
20140251,0,-92.99561,44.85338
20140252,0,-94.498427,38.617704
20140253,0,-89.51924,31.64875
20140254,1,-103.660016,47.67506
20140255,0,-89.97761,29.69581
20140256,0,-100.569479,37.139844
20140258,0,-98.460842,26.650465
20140259,0,-96.754536,35.947714
20140260,0,-101.353026,35.719298
20140261,0,-94.86919,38.50252
20140262,1,-104.11549,31.553051
20140263,0,-115.300693,47.582395
20140264,1,-94.44495,39.12071
20140265,1,-118.360143,34.0577675
20140266,0,-97.8667,38.26485
20140267,0,-122.244843,38.045747
20140268,0,-122.134392,38.061436
20140269,0,-91.28204,30.71133
20140270,0,-88.49732,42.05679
20140271,1,-87.902235,41.14364
20140272,1,-89.085639,38.792939
20140273,0,-97.60424,36.38322
20140274,1,-101.409,35.983
20140275,1,-95.237834,29.705972
20140276,0,-102.20698,31.66159
20140277,0,-74.25384,40.52243
20140278,0,-74.21357,40.58547
20140279,0,-119.434622,35.231666
20140280,1,-118.254678,33.803335
20140281,0,-97.29606047,36.55711482
20140282,0,-83.110839,39.96675
20140283,0,-100.83051,32.53193
20140284,1,-88.373137,41.410372
20140285,0,-87.43874523,41.60766736
20140286,0,-96.87537,37.80225
20140287,0,-94.05649,29.97507
20140288,1,-103.139479,32.650336
20140289,1,-104.791108,41.126883
20140290,0,-101.73915,39.04758
20140291,0,-100.85003,32.53151
20140292,0,-95.207068,29.752401
20140293,1,-102.914893,32.86467
20140294,0,-122.22436,47.458331
20140295,0,-91.9863888,27.87527711
20140296,1,-104.424018,40.34117
20140297,0,-75.459406,39.846349
20140298,0,-93.993675,29.991106
20140299,0,-94.835427,44.803407
20140300,1,-90.469736,29.976335
20140301,0,-118.16467,33.86343
20140302,0,-111.91978,40.831354
20140303,1,-95.340804,30.737681
20140304,0,-103.13993,32.652052
20140305,0,-90.857704,30.01177
20140306,0,-103.138898,32.650231
20140307,1,-118.2093535,33.7697415
20140308,1,-95.011627,29.765783
20140309,0,-102.268817,36.472798
